Upper Nile,Akoka,Akoka,Akoka,11
Upper Nile,Akoka,Akoka,Bienythiang,11
Upper Nile,Akoka,Akudueng,Bai Chan,11
Upper Nile,Akoka,Akudueng,Loier,11
Upper Nile,Akoka,Rom,Riangnum,11
Upper Nile,Akoka,Rom,Rom,11
Upper Nile,Baliet,Abwong,Abwong,11
Upper Nile,Baliet,Abwong,Wunbut,11
Upper Nile,Baliet,Adong,Dakjur,11
Upper Nile,Baliet,Gel Achiel,Wunthow,11
Upper Nile,Baliet,Kuel,Miareng,11
Upper Nile,Baliet,Nyongkuach,Pagak,11
Upper Nile,Baliet,Nyongkuach,Riangnum,11
Upper Nile,Baliet,Nyongrial,Banglei,11
Upper Nile,Baliet,Rom,Rom Centre,11
Upper Nile,Baliet,Wunthow,Majak,11
Upper Nile,Malakal,Central Malakal,Central Malakal Boma,11
Upper Nile,Malakal,Central Malakal,Ray El-Mesiri,11
Upper Nile,Malakal,Central Malakal,Ray El-Mesiri,11
Upper Nile,Malakal,Lelo,Makal,11
Upper Nile,Malakal,Lelo,Obwa,11
Upper Nile,Malakal,Lelo,Obwa,11
Upper Nile,Malakal,Northern Malakal,Elbesery,11
Upper Nile,Malakal,Northern Malakal,Elbesery,11
Upper Nile,Malakal,Northern Malakal,Hai Matar,11
Upper Nile,Malakal,Northern Malakal,Hai Matar,11
Upper Nile,Malakal,Ogot,Ogot,11
Upper Nile,Malakal,Ogot,Wau,11
Upper Nile,Malakal,Southern Malakal,Assosa,11
Upper Nile,Malakal,Southern Malakal,Assosa,11
Upper Nile,Malakal,Warajwok,Warajwok,11
Upper Nile,Panyikang,Dheteim,Duh,11
Upper Nile,Panyikang,Dheteim,Thuor,11
Upper Nile,Panyikang,Pakang,Abujop,11
Upper Nile,Panyikang,Panyidwoi,Obel,11
Upper Nile,Panyikang,Panyidwoi,Obel,11
Upper Nile,Panyikang,Panyidwoi,Pajou,11
Upper Nile,Panyikang,Panyidwoi,Pathuor,11
Upper Nile,Panyikang,Panyikang,Odwoc,11
Upper Nile,Panyikang,Panyikang,Pakan,11
Upper Nile,Panyikang,Panyikang,Pakan,11
Upper Nile,Panyikang,Tonga,Atiego,11
Upper Nile,Panyikang,Tonga,Atiego,11
Upper Nile,Panyikang,Tonga,Tonga,11
Upper Nile,Pigi,Alam,Alam,11
Upper Nile,Pigi,Atar,Atar School,11
Upper Nile,Pigi,Atar,Atar School,11
Upper Nile,Pigi,Atar,Chuei Ardeb Thaar,11
Upper Nile,Pigi,Atar,Dengluat,11
Upper Nile,Pigi,Atar,Wun Kiir,11
Upper Nile,Pigi,Atar,Wun Kiir,11
Upper Nile,Pigi,Atar,Wun Kiir,11
Upper Nile,Pigi,Kaldak,Piji,11
Upper Nile,Pigi,Khorwach,Cuai,11
Upper Nile,Pigi,Mareng,Gokjack,11
Upper Nile,Pigi,Wunlem,Wunlem,11
Upper Nile,Fashoda,Dethok,Abienyay,11
Upper Nile,Fashoda,Dethok,Achak,11
Upper Nile,Fashoda,Dethok,Pabiw,11
Upper Nile,Fashoda,Dethok,Pabiw,11
Upper Nile,Fashoda,Dethok,Pabiw,11
Upper Nile,Fashoda,Kodok,Gulbany,11
Upper Nile,Fashoda,Kodok,Kodok Town,11
Upper Nile,Fashoda,Kodok,Kodok Town,11
Upper Nile,Fashoda,Kodok,Nyigir,11
Upper Nile,Fashoda,Kodok Town,Debor,11
Upper Nile,Fashoda,Kodok Town,Hai Alsalam,11
Upper Nile,Fashoda,Lul,Buol,11
Upper Nile,Fashoda,Lul,Fashoda,11
Upper Nile,Fashoda,Lul,Fashoda,11
Upper Nile,Fashoda,Lul,Fashoda,11
Upper Nile,Fashoda,Lul,Fashoda,11
Upper Nile,Manyo,Adhidwoi,Athidwoi,11
Upper Nile,Manyo,Adhidwoi,Athidwoi,11
Upper Nile,Manyo,Adhidwoi,Athidwoi,11
Upper Nile,Manyo,Adhidwoi,Kuoch,11
Upper Nile,Manyo,Kaka,Aderi,11
Upper Nile,Manyo,Kaka,Kaka,11
Upper Nile,Manyo,Kaka,Thorguang,11
Upper Nile,Manyo,Kaka,Thorguang,11
Upper Nile,Manyo,Kwoj,Delal Ajak,11
Upper Nile,Manyo,Kwoj,Noon,11
Upper Nile,Manyo,Magenist,Kidguang,11
Upper Nile,Manyo,Wadakona,Manam,11
Upper Nile,Manyo,Wadakona,Wadakona,11
Upper Nile,Manyo,Wedakona,Ayat,11
Upper Nile,manyo,Wedakona,Ayat,11
Upper Nile,Manyo,Wedakona,Bushara,11
Upper Nile,Manyo,Wedakona,Garang,11
Upper Nile,Manyo,Wedakona,Garang,11
Upper Nile,Manyo,Wedakona,Kuek,11
Upper Nile,Manyo,Wedakona,Kuek,11
Upper Nile,Manyo,Wedakona,Kuek,11
Upper Nile,Manyo,Wedakona,Ommar,11
Upper Nile,Luakpiny/Nasir,Dingkar,Dingkar,11
Upper Nile,Luakpiny/Nasir,Dingkar,Lualeyaak,11
Upper Nile,Luakpiny/Nasir,Jikmir,Jikmir,11
Upper Nile,Luakpiny/Nasir,Jikmir,Jikmir,11
Upper Nile,Luakpiny/Nasir,Kiech Kuon,Kiech Kuon,11
Upper Nile,Luakpiny/Nasir,Kiech Kuon,Kiech Two,11
Upper Nile,Luakpiny/Nasir,Kiech Kuon,Koat,11
Upper Nile,Luakpiny/Nasir,Kiech Kuon,Lonylok,11
Upper Nile,Luakpiny/Nasir,Kiech Kuon,Lonylok,11
Upper Nile,Luakpiny/Nasir,Kiech Kuon,Lonylok,11
Upper Nile,Luakpiny/Nasir,Kiech Kuon,Lonylok,11
Upper Nile,Luakpiny/Nasir,Kiech Kuon,Lonylok,11
Upper Nile,Luakpiny/Nasir,Kuerenge-ke,Torjuoc,11
Upper Nile,Luakpiny/Nasir,Kuerenge-ke,Torjuoc,11
Upper Nile,Luakpiny/Nasir,Kuerenge-ke,Torjuoc,11
Upper Nile,Luakpiny/Nasir,Kuerenge-ke,Torjuoc,11
Upper Nile,Luakpiny/Nasir,Mading,Boreel,11
Upper Nile,Luakpiny/Nasir,Maker,Gur Nyang,11
Upper Nile,Luakpiny/Nasir,Maker,Maker,11
Upper Nile,Luakpiny/Nasir,Nasir,Torjuoc,11
Upper Nile,Luakpiny/Nasir,Nasir,Torjuoc,11
Upper Nile,Luakpiny/Nasir,Roam,Luak-wien,11
Upper Nile,Luakpiny/Nasir,Roam,Luak-wien,11
Upper Nile,Luakpiny/Nasir,Roam,Luak-wien,11
Upper Nile,Ulang,Doma,Parial,11
Upper Nile,Ulang,Doma,Riang,11
Upper Nile,Ulang,Doma,Riang,11
Upper Nile,Ulang,Kurmuot,Kuich,11
Upper Nile,Ulang,Ulang,Bul Buong,11
Upper Nile,Ulang,Ulang,Ying,11
Upper Nile,Ulang,Yomding,Rup-Buot,11
Upper Nile,Ulang,Yomding,Rup-Buot,11
Upper Nile,Ulang,Yomding,Rup-Buot,11
Upper Nile,Longochuk,Dajo,Dajo,11
Upper Nile,Longochuk,Dajo,Dajo,11
Upper Nile,Longochuk,Dajo,Dajo,11
Upper Nile,Longochuk,Dajo,Dajo,11
Upper Nile,Longochuk,Guelguk,Mangok,11
Upper Nile,Longochuk,Guelguk,Mangok,11
Upper Nile,Longochuk,Guelguk,Mangok,11
Upper Nile,Longochuk,Guelguk,Mangok,11
Upper Nile,Longochuk,Guelguk,Mangok,11
Upper Nile,Longochuk,Longochuk,Jangok,11
Upper Nile,Longochuk,Malual,Tichak,11
Upper Nile,Longochuk,Pamach,Pamach,11
Upper Nile,Longochuk,Pamach,Tichak,11
Upper Nile,Longochuk,Wudier,Kiergaw,11
Upper Nile,Longochuk,Wudier,Kiergaw,11
Upper Nile,Maiwut,Jekow,Oriang,11
Upper Nile,Maiwut,Jekow,Turuw,11
Upper Nile,Maiwut,Jotome,Wunkir,11
Upper Nile,Maiwut,Jotome,Wunkir,11
Upper Nile,Maiwut,Kigile,Abajabe,11
Upper Nile,Maiwut,Kigile,Abajabe,11
Upper Nile,Maiwut,Maiwut,Kulang,11
Upper Nile,Maiwut,Olang,Oleng,11
Upper Nile,Maiwut,Olang,Oleng,11
Upper Nile,Maiwut,Pagak,Yuayding,11
Upper Nile,Maiwut,Pagak,Yuayding,11
Upper Nile,Maban,Banashowa,Banashowa,11
Upper Nile,Maban,Banashowa,Dangeji,11
Upper Nile,Maban,Banashowa,Dangeji,11
Upper Nile,Maban,Banashowa,Liang,11
Upper Nile,Maban,Boung,Boung,11
Upper Nile,Maban,Boung,Boung,11
Upper Nile,Maban,Boung,Boung,11
Upper Nile,Maban,Boung,Boung,11
Upper Nile,Maban,Boung,Boung,11
Upper Nile,Maban,Boung,Boung,11
Upper Nile,Maban,Boung,Boung,11
Upper Nile,Maban,Boung,Boung,11
Upper Nile,Maban,Jinkuata,Kuunyjuria,11
Upper Nile,Maban,Jinkuata,Kuunyjuria,11
Upper Nile,Maban,Jinkuata,Kuunyjuria,11
Upper Nile,Maban,Jinmakda,Jamam,11
Upper Nile,Maban,Jinmakda,Jamam,11
Upper Nile,Maban,Jinmakda,Jamam,11
Upper Nile,Maban,Jinmakda,Jamam,11
Upper Nile,Maban,Khor El Amer,Dhuma,11
Upper Nile,Maban,Khor El Amer,Yiellen,11
Upper Nile,Maban,Khor El Amer,Yiellen,11
Upper Nile,Maban,Khor El Amer,Yiellen,11
Upper Nile,Melut,Bimachuk,Parag,11
Upper Nile,Melut,Bimachuk,Parag,11
Upper Nile,Melut,Galdora,Galdora,11
Upper Nile,Melut,Galdora,Thieng Rial,11
Upper Nile,Melut,Melut,Torkuach,11
Upper Nile,Melut,Melut,Torkuach,11
Upper Nile,Melut,Paloch,Paloch,11
Upper Nile,Melut,Panomdit,Malek,11
Upper Nile,Melut,Wunamum,Agordiit,11
Upper Nile,Renk,Chemmedi,Chemmedi,11
Upper Nile,Renk,Chemmedi,Labior,11
Upper Nile,Renk,Geger,Gerbena,11
Upper Nile,Renk,Geger,Gerbena,11
Upper Nile,Renk,Geger,Gerbena,11
Upper Nile,Renk,Geger,Gerbena,11
Upper Nile,Renk,Geger,Gerger,11
Upper Nile,Renk,Geger,Gerger,11
Upper Nile,Renk,Geger,Gospamni,11
Upper Nile,Renk,Geger,Kilo 15,11
Upper Nile,Renk,Geger,Kilo Five,11
Upper Nile,Renk,Geger,Wunthow,11
Upper Nile,Renk,Geger,Wunthow,11
Upper Nile,Renk,Geger,Wunthow,11
Upper Nile,Renk,Geger,Wunthow,11
Upper Nile,Renk,Geger,Wunthow,11
Upper Nile,Renk,Jalhak,Awarpiny,11
Upper Nile,Renk,Jalhak,Awarpiny,11
Upper Nile,Renk,Jalhak,Jalhak Centre,11
Upper Nile,Renk,Jalhak,Molbok,11
Upper Nile,Renk,North Renk,Abukazer,11
Upper Nile,Renk,North Renk,Hai-Theraya,11
Upper Nile,Renk,North Renk,Hai-Theraya,11
Upper Nile,Renk,North Renk,Kumshuer,11
Upper Nile,Renk,North Renk,Kumshuer,11
Upper Nile,Renk,North Renk,Kumshuer,11
Jonglei,Akobo,Barmach,Wechjal,12
Jonglei,Akobo,Bilkey,Okau,12
Jonglei,Akobo,Bilkey,Old Akobo,12
Jonglei,Akobo,Bilkey,Rine,12
Jonglei,Akobo,Buong,Manguet,12
Jonglei,Akobo,Dengjok,Gakdong,12
Jonglei,Akobo,Dengjok,Nukta,12
Jonglei,Akobo,Dengjok,Nukta,12
Jonglei,Akobo,Dengjok,Nukta,12
Jonglei,Akobo,Diror,Dik,12
Jonglei,Akobo,Diror,Tangnyang,12
Jonglei,Akobo,Nyandit,Chiban,12
Jonglei,Akobo,Nyandit,Mer,12
Jonglei,Akobo,Nyandit,Mer,12
Jonglei,Akobo,Nyandit,Padida,12
Jonglei,Akobo,Nyandit,Padida,12
Jonglei,Akobo,Walgak,Walgak,12
Jonglei,Akobo,Walgak,Walgak,12
Jonglei,Nyirol,Chuil,Chuil,12
Jonglei,Nyirol,Nyambor,Riang,12
Jonglei,Nyirol,Nyambor,Riang,12
Jonglei,Nyirol,Nyambor,Riang,12
Jonglei,Nyirol,Pading,Boiloch,12
Jonglei,Nyirol,Pading,Wenyal,12
Jonglei,Nyirol,Pulturuk,Panyang,12
Jonglei,Nyirol,Thol,Lankien,12
Jonglei,Nyirol,Thol,Lankien,12
Jonglei,Nyirol,Thol,Tut,12
Jonglei,Nyirol,Thol,Tut,12
Jonglei,Nyirol,Waat,Bourdit,12
Jonglei,Nyirol,Waat,Bourdit,12
Jonglei,Nyirol,Waat,Bourdit,12
Jonglei,Uror,Karam,Karam,12
Jonglei,Uror,Karam,Karam,12
Jonglei,Uror,Karam,Patuak,12
Jonglei,Uror,Motot,Motot,12
Jonglei,Uror,Pathai,Kuerguarnyabiel,12
Jonglei,Uror,Pathai,Pathai,12
Jonglei,Uror,Payai,Payai,12
Jonglei,Uror,Payai,Payai,12
Jonglei,Uror,Pieri,Kueldhal,12
Jonglei,Uror,Puolchuol,Weikey,12
Jonglei,Uror,Tiam,Panyang,12
Jonglei,Uror,Wuror,Kuerluot,12
Jonglei,Uror,Wuror,Kuerluot,12
Jonglei,Uror,Wuror,Uleng,12
Jonglei,Uror,Wuror,Week,12
Jonglei,Pibor,Boma,Churi,12
Jonglei,Pibor,Boma,Churi,12
Jonglei,Pibor,Boma,Itti,12
Jonglei,Pibor,Boma,Itti,12
Jonglei,Pibor,Boma,Itti,12
Jonglei,Pibor,Boma,Jonglei,12
Jonglei,Pibor,Boma,Nyalangoro,12
Jonglei,Pibor,Boma,Nyat,12
Jonglei,Pibor,Boma,Orgin,12
Jonglei,Pibor,Boma,Orgin,12
Jonglei,Pibor,Gumuruk,Gumuruk Centre,12
Jonglei,Pibor,Kiziongora,Koradef,12
Jonglei,Pibor,Kiziongora,Kuruono,12
Jonglei,Pibor,Kiziongora,Kuruono,12
Jonglei,Pibor,Lekuangole,Dhalmany,12
Jonglei,Pibor,Lekuangole,Lekuangole,12
Jonglei,Pibor,Marow,Munyma,12
Jonglei,Pibor,Miwono,Mewun,12
Jonglei,Pibor,Pibor,Pibor,12
Jonglei,Pibor,Pibor,Pibor,12
Jonglei,Pibor,Pibor,Pibor,12
Jonglei,Pibor,Vertheth,Kelebeta,12
Jonglei,Pochalla,Adongo,Ajwara,12
Jonglei,Pochalla,Adongo,Ajwara,12
Jonglei,Pochalla,Adongo,Ajwara,12
Jonglei,Pochalla,Akiela,Okadi,12
Jonglei,Pochalla,Pochalla,Lokri,12
Jonglei,Pochalla,Pochalla,Lokri,12
Jonglei,Pochalla,Pochalla,Lokri,12
Jonglei,Pochalla,Pochalla,Lokri,12
Jonglei,Pochalla,Pochalla,Ojangbae,12
Jonglei,Ayod,Ayod,Kalibalek,12
Jonglei,Ayod,Ayod,Kuei,12
Jonglei,Ayod,Kuach-deng,Biei,12
Jonglei,Ayod,Kuach-deng,Biei,12
Jonglei,Ayod,Kurwai,Haat,12
Jonglei,Ayod,Kurwai,Haat,12
Jonglei,Ayod,Kurwai,Matime,12
Jonglei,Ayod,Kurwai,Matime,12
Jonglei,Ayod,Kurwai,Wau 2,12
Jonglei,Ayod,Mogok,Panyang,12
Jonglei,Ayod,Mogok,Panyang,12
Jonglei,Ayod,Mogok,Panyang,12
Jonglei,Ayod,Mogok,Panyang,12
Jonglei,Ayod,Pagil,Pagil,12
Jonglei,Ayod,Pagil,Pagil,12
Jonglei,Ayod,Pajiek,Keer,12
Jonglei,Ayod,Pajiek,Nyawit,12
Jonglei,Ayod,Pajiek,Pajiek,12
Jonglei,Ayod,Pajiek,Yian,12
Jonglei,Ayod,Pajiek,Yian,12
Jonglei,Ayod,Pajiek,Yian,12
Jonglei,Ayod,Pajiek,Yian,12
Jonglei,Ayod,Wau,Wan Machar,12
Jonglei,Ayod,Wau,Wau,12
Jonglei,Ayod,Wau,Wau,12
Jonglei,Fangak,Manajang,Juaibor,12
Jonglei,Fangak,Manajang,Juaibor,12
Jonglei,Fangak,Manajang,Juaibor,12
Jonglei,Fangak,Manajang,Juaibor,12
Jonglei,Fangak,Manajang,Juaibor,12
Jonglei,Fangak,Manajang,Kuernyang,12
Jonglei,Fangak,Manajang,Kuernyang,12
Jonglei,Fangak,Mareang,Nyadin,12
Jonglei,Fangak,Mareang,Nyadin,12
Jonglei,Fangak,Mareang,Nyadin,12
Jonglei,Fangak,Mareang,Toch,12
Jonglei,Fangak,Mareang,Toch,12
Jonglei,Fangak,Mareang,Toch,12
Jonglei,Fangak,Old Fangak,Chotbara,12
Jonglei,Fangak,Old Fangak,Chotbara,12
Jonglei,Fangak,Old Fangak,Old Fangak,12
Jonglei,Fangak,Old Fangak,Old Fangak,12
Jonglei,Fangak,Paguer,Keew,12
Jonglei,Fangak,Paguer,Kuerpon,12
Jonglei,Fangak,Paguer,Thokchak,12
Jonglei,Fangak,Paguer,Thokchak,12
Jonglei,Fangak,Paguer,Thokchak,12
Jonglei,Fangak,Paguer,Thokchak,12
Jonglei,Fangak,Phom,Hai-monezemaat,12
Jonglei,Bor South,Anyidi,Chuei-magon,12
Jonglei,Bor South,Anyidi,Chuei-magon,12
Jonglei,Bor South,Anyidi,Mareng,12
Jonglei,Bor South,Anyidi,Thianwei,12
Jonglei,Bor South,Baidit,Makol-chuei,12
Jonglei,Bor South,Baidit,Makol-chuei,12
Jonglei,Bor South,Baidit,Manydeng,12
Jonglei,Bor South,Baidit,Mathiang,12
Jonglei,Bor South,Baidit,Mathiang,12
Jonglei,Bor South,Baidit,Tong,12
Jonglei,Bor South,Bor,Bor-town,12
Jonglei,Bor South,Bor,Gaak-yuom,12
Jonglei,Bor South,Bor,Jarwong,12
Jonglei,Bor South,Bor,Langbar,12
Jonglei,Bor South,Bor,Langbar,12
Jonglei,Bor South,Bor,Pakua,12
Jonglei,Bor South,Bor,Panapet,12
Jonglei,Bor South,Bor,Tuonygeau,12
Jonglei,Bor South,Jalle,Akuai-deng,12
Jonglei,Bor South,Jalle,Akuai-deng,12
Jonglei,Bor South,Jalle,Jalle,12
Jonglei,Bor South,Jalle,Jalle,12
Jonglei,Bor South,Jalle,Kolmarek,12
Jonglei,Bor South,Kolnyang,Chuei-keer,12
Jonglei,Bor South,Kolnyang,Kolnyang,12
Jonglei,Bor South,Kolnyang,Pariak,12
Jonglei,Bor South,Kolnyang,Pariak,12
Jonglei,Bor South,Kolnyang,Pariak,12
Jonglei,Bor South,Kolnyang,Pariak,12
Jonglei,Bor South,Kolnyang,Pariak,12
Jonglei,Bor South,Kolnyang,Pariak,12
Jonglei,Bor South,Kolnyang,Pariak,12
Jonglei,Bor South,Makuach,Kapat,12
Jonglei,Bor South,Makuach,Konbek,12
Jonglei,Bor South,Makuach,Makuach,12
Jonglei,Bor South,Makuach,Werkok,12
Jonglei,Bor South,Makuach,Werkok,12
Jonglei,Bor South,Makuach,Werkok,12
Jonglei,Duk,Ageer,Patuatnoi,12
Jonglei,Duk,Ageer,Poktap,12
Jonglei,Duk,Ageer,Poktap,12
Jonglei,Duk,Dongchak,Amiel,12
Jonglei,Duk,Dongchak,Amiel,12
Jonglei,Duk,Dongchak,Wunthor,12
Jonglei,Duk,Dongchak,Wunthor,12
Jonglei,Duk,Padiet,Padiet,12
Jonglei,Duk,Padiet,Padiet,12
Jonglei,Duk,Padiet,Padiet,12
Jonglei,Duk,Pagak,Pagak,12
Jonglei,Duk,Pagak,Pagak,12
Jonglei,Duk,Panyang,Pagaleng,12
Jonglei,Duk,Panyang,Pajut,12
Jonglei,Duk,Panyang,Pajut,12
Jonglei,Duk,Payuel,Mareng,12
Jonglei,Duk,Payuel,Mareng,12
Jonglei,Twic East,Ajuong,Paliau,12
Jonglei,Twic East,Kongor,Garalei,12
Jonglei,Twic East,Kongor,Pageer,12
Jonglei,Twic East,Kongor,Pawel,12
Jonglei,Twic East,Kongor,Pawel,12
Jonglei,Twic East,Lith,Kiir,12
Jonglei,Twic East,Lith,Mabior,12
Jonglei,Twic East,Lith,Mabior,12
Jonglei,Twic East,Nyuak,Baping,12
Jonglei,Twic East,Nyuak,Baping,12
Jonglei,Twic East,Nyuak,Lualajokbil,12
Jonglei,Twic East,Nyuak,Pongborong,12
Jonglei,Twic East,Nyuak,Wangulei,12
Jonglei,Twic East,Nyuak,Wangulei,12
Jonglei,Twic East,Pakeer,Maar,12
Jonglei,Twic East,Pakeer,Nyany,12
Jonglei,Twic East,Pakeer,Nyany,12
"Unity ",Guit,Guit,Hai Kir,13
"Unity ",Guit,Kedad,Wicruop,13
"Unity ",Guit,Kuach,Kad,13
"Unity ",Guit,Kuach,Kuach,13
"Unity ",Guit,Kuach,Nying,13
"Unity ",Guit,Kuerguini,Kuerguini,13
"Unity ",Guit,Kuerguini,Kuerguini,13
"Unity ",Guit,Kuerguini,Kuerguini,13
"Unity ",Guit,Kuerguini,Thoan,13
"Unity ",Guit,Niemni,Kuanyrow,13
"Unity ",Guit,Niemni,Kuergeng,13
"Unity ",Guit,Nyathoar,Dengbow,13
"Unity ",Koch,Boaw,Bith,13
"Unity ",Koch,Boaw,Boaw,13
"Unity ",Koch,Boaw,Loang,13
"Unity ",Koch,Gany,Gany,13
"Unity ",Koch,Jaak,Rier,13
"Unity ",Koch,Jaak,Rier,13
"Unity ",Koch,Ngony,Mirmir,13
"Unity ",Koch,Ngony,Nyony,13
"Unity ",Koch,Norbor,Norbor,13
"Unity ",Koch,Pakur,Buoth,13
"Unity ",Koch,Pakur,Pakur,13
"Unity ",Mayom,Bieh,Bieh,13
"Unity ",Mayom,Kuerbone,Bouth,13
"Unity ",Mayom,Kuerbone,Mayom,13
"Unity ",Mayom,Kueryiek,Kueryiek,13
"Unity ",Mayom,Mankien,Mankien,13
"Unity ",Mayom,Mankien,Wanam,13
"Unity ",Mayom,Ngop,Juom,13
"Unity ",Mayom,Pup,Mathiang,13
"Unity ",Mayom,Riak,Riak,13
"Unity ",Mayom,Ruathnyibuol,Ruadhnyibol,13
"Unity ",Mayom,Wanbuor,Turkey/Urach,13
"Unity ",Mayom,Wangkei,Wangkei,13
"Unity ",Rubkona,Bentiu PoC,Bentiu PoC,13
"Unity ",Rubkona,Bentiu PoC,Bentiu PoC,13
"Unity ",Rubkona,Bentiu PoC,Bentiu PoC,13
"Unity ",Rubkona,Bentiu PoC,Bentiu PoC,13
"Unity ",Rubkona,Bentiu PoC,Bentiu PoC,13
"Unity ",Rubkona,Bentiu PoC,Bentiu PoC,13
"Unity ",Rubkona,Bentiu Town,Bimruok,13
"Unity ",Rubkona,Bentiu Town,Bimruok,13
"Unity ",Rubkona,Budaang,Chotchara,13
"Unity ",Rubkona,Kaljak,Bielchier,13
"Unity ",Rubkona,Kaljak,Kaljaak,13
"Unity ",Rubkona,Nhialdiu,Chanlual,13
"Unity ",Rubkona,Nhialdiu,Nhialdiu,13
"Unity ",Rubkona,Nhialdiu,Tochluak,13
"Unity ",Rubkona,Rubkona,Yoanyang,13
"Unity ",Rubkona,Rubkotne,Pakur,13
"Unity ",Rubkona,Rubkotne,Yoanyang,13
"Unity ",Rubkona,Rubkotne,Yoanyang,13
"Unity ",Abiemnon,Abiemnhom,Awarepiny,13
"Unity ",Abiemnon,Abiemnhom,Bangbang,13
"Unity ",Abiemnon,Abiemnhom,Magok,13
"Unity ",Abiemnon,Abiemnhom,Manajoga,13
"Unity ",Abiemnon,Abiemnhom,Pathiew,13
"Unity ",Abiemnon,Abiemnhom,Pathiew,13
"Unity ",Abiemnon,Abiemnhom,Wungok,13
"Unity ",Abiemnon,Aworpiny,Awar Piny,13
"Unity ",Pariang,Aliiny,Manajoga,13
"Unity ",Pariang,Aliiny,Marapien,13
"Unity ",Pariang,Biu,Akot,13
"Unity ",Pariang,Biu,Ming,13
"Unity ",Pariang,Jamjang,Alual,13
"Unity ",Pariang,Jamjang,Gumriak,13
"Unity ",Pariang,Jamjang,Gumriak,13
"Unity ",Pariang,Jamjang,Jamjang,13
"Unity ",Pariang,Jamjang,Jamjang,13
"Unity ",Pariang,Jamjang,Pamiir,13
"Unity ",Pariang,Nyiel,Akotweng,13
"Unity ",Pariang,Nyiel,Kong,13
"Unity ",Pariang,Nyiel,Toor/N yokrial,13
"Unity ",Pariang,Pariang,Jaw,13
"Unity ",Pariang,Pariang,Managuer,13
"Unity ",Pariang,Pariang,Nile Ganga,13
"Unity ",Pariang,Pariang,Wunlit,13
"Unity ",Pariang,Werthen,Yida,13
"Unity ",Pariang,Werthen,Yida,13
"Unity ",Pariang,Werthen,Yida,13
"Unity ",Pariang,Wunkur,Wunkur,13
"Unity ",Pariang,Yida,Panthur,13
"Unity ",Pariang,Yida,Yida centre B,13
"Unity ",Leer,Adok,Norkong,13
"Unity ",Leer,Bou,Bou,13
"Unity ",Leer,Dok,Nyadiar,13
"Unity ",Leer,Guat,Guat,13
"Unity ",Leer,Padeah,Padeah,13
"Unity ",Leer,Pilieny,Pilieny,13
"Unity ",Leer,Yang,Thonyor,13
"Unity ",Mayendit,Buor,Puulual,13
"Unity ",Mayendit,Buor,Puulual,13
"Unity ",Mayendit,Buor,Puulual,13
"Unity ",Mayendit,Dablual,Daplual,13
"Unity ",Mayendit,Dablual,Daplual,13
"Unity ",Mayendit,Dablual,Reri,13
"Unity ",Mayendit,Luom,Leah,13
"Unity ",Mayendit,Luom,Leah,13
"Unity ",Mayendit,Maal,Dhor-their,13
"Unity ",Mayendit,Maal,Maal,13
"Unity ",Mayendit,Maal,Maal,13
"Unity ",Mayendit,Pabuong,Bathjob,13
"Unity ",Mayendit,Rubkuay,Rubkuay,13
"Unity ",Mayendit,Rubkuay,Rubnor,13
"Unity ",Mayendit,Thaker,Thaker,13
"Unity ",Mayendit,Thaker,Thaker,13
"Unity ",Mayendit,Tharjiath,Lang,13
"Unity ",Mayendit,Tutnyang,Tutnyang,13
"Unity ",Mayendit,Tutnyang,Tutnyang,13
"Unity ",Panyijiar,Ganyliel,Dekom,13
"Unity ",Panyijiar,Ganyliel,Ganyliel,13
"Unity ",Panyijiar,Kol,Jiliew,13
"Unity ",Panyijiar,Kol,Machar,13
"Unity ",Panyijiar,Kol,Pathiel,13
"Unity ",Panyijiar,Kol,Pathiel,13
"Unity ",Panyijiar,Mayom,Barjangni,13
"Unity ",Panyijiar,Mayom,Kanynhial,13
"Unity ",Panyijiar,Mayom,Maluak,13
"Unity ",Panyijiar,Mayom,Mayom,13
"Unity ",Panyijiar,Nyal,Nyadong,13
"Unity ",Panyijiar,Nyal,Nyal,13
"Unity ",Panyijiar,Nyal,Nyal,13
"Unity ",Panyijiar,Nyal,Nyal,13
"Unity ",Panyijiar,Nyal,Nyal,13
"Unity ",Panyijiar,Nyal,Palual,13
"Unity ",Panyijiar,Nyal,Palual,13
"Unity ",Panyijiar,Pachaar,Pachaar,13
"Unity ",Panyijiar,Pachaar,Pariel,13
"Unity ",Panyijiar,Pachak,Moorgok,13
"Unity ",Panyijiar,Pachak,Pachak,13
"Unity ",Panyijiar,Pachienjok,Pachienjok,13
"Unity ",Panyijiar,Pachienjok,Pakham,13
"Unity ",Panyijiar,Pachienjok,Pakham,13
"Unity ",Panyijiar,Panyijiar,Panyijiar,13
"Unity ",Panyijiar,Panyijiar,Panyijiar,13
"Unity ",Panyijiar,Thoarnhoum,Jiech,13
"Unity ",Panyijiar,Thoarnhoum,Jiech,13
"Unity ",Panyijiar,Thoarnhoum,Thoarnhoum,13
"Unity ",Panyijiar,Tiap,Liedit,13
"Unity ",Panyijiar,Tiap,Liedit,13
"Unity ",Panyijiar,Tiap,Tiap,13
"Warrap ",Abyei,Abyei,Abyei Jong Yom,21
"Warrap ",Abyei,Abyei,Abyei-thony,21
"Warrap ",Abyei,Abyei,Amenth bek,21
"Warrap ",Abyei,Alal,Awalnhom,21
"Warrap ",Abyei,Alal,Awalnhom,21
"Warrap ",Abyei,Alal,Awalnhom,21
"Warrap ",Abyei,Alal,Awalnhom,21
"Warrap ",Abyei,Alal,Maker,21
"Warrap ",Abyei,Alal,Maker,21
"Warrap ",Abyei,Alal,Maker,21
"Warrap ",Abyei,Alal,Noong,21
"Warrap ",Abyei,Alal,Noong,21
"Warrap ",Abyei,Amenth agouk,Dongop,21
"Warrap ",Abyei,Amenth agouk,Todaj,21
"Warrap ",Abyei,Amenth agouk,Todaj,21
"Warrap ",Abyei,Mijak,Tajalei,21
"Warrap ",Abyei,Mijak,Tajalei,21
"Warrap ",Abyei,Mijak,Tajalei,21
"Warrap ",Abyei,Rumamer,Mabok,21
"Warrap ",Abyei,Rumamer,Mabok,21
"Warrap ",Abyei,Rumamer,Mabok,21
"Warrap ",Abyei,Rumamer,Mabok,21
"Warrap ",Abyei,Rumamer,Mabok,21
"Warrap ",Abyei,Rumamer,Mabok,21
"Warrap ",Abyei,Rumamer,Mabok,21
"Warrap ",Abyei,Rumamer,Mabok,21
"Warrap ",Abyei,Rumamer,Marial,21
"Warrap ",Abyei,Rumamer,Marial,21
"Warrap ",Gogrial East,Nyang,Mayenjur,21
"Warrap ",Gogrial East,Pathuon East,Mayombiong,21
"Warrap ",Gogrial East,Pathuon East,Mayombiong,21
"Warrap ",Gogrial East,Pathuon East,Yiik adoor,21
"Warrap ",Gogrial East,Pathuon West,Luonyaker,21
"Warrap ",Gogrial East,Pathuon West,Majok,21
"Warrap ",Gogrial East,Toch East,Thuramon,21
"Warrap ",Gogrial East,Toch East,Thuramon,21
"Warrap ",Gogrial East,Toch East,Thuramon,21
"Warrap ",Gogrial East,Toch North,Mayomchol,21
"Warrap ",Gogrial East,Toch North,Mayomchol,21
"Warrap ",Gogrial East,Toch North,Mayomchol,21
"Warrap ",Gogrial East,Toch North,Mayomchol,21
"Warrap ",Gogrial East,Toch West,Malual Awien,21
"Warrap ",Gogrial East,Toch West,Malual Awien,21
"Warrap ",Gogrial West,Akon North,Mabil,21
"Warrap ",Gogrial West,Akon South,Ayien,21
"Warrap ",Gogrial West,Akon South,Rup,21
"Warrap ",Gogrial West,Akon South,Rup,21
"Warrap ",Gogrial West,Alek North,Malekngok,21
"Warrap ",Gogrial West,Alek South,Alek,21
"Warrap ",Gogrial West,Alek South,Atukuel,21
"Warrap ",Gogrial West,Alek West,Alueth,21
"Warrap ",Gogrial West,Alek West,Alueth,21
"Warrap ",Gogrial West,Gogrial,Gogrial,21
"Warrap ",Gogrial West,Gogrial,Maluilajak,21
"Warrap ",Gogrial West,Gogrial,Mandeng,21
"Warrap ",Gogrial West,Kuac North,Anguoi,21
"Warrap ",Gogrial West,Kuac North,Anguoi,21
"Warrap ",Gogrial West,Kuac North,Kuacjok,21
"Warrap ",Gogrial West,Kuac North,Kuacjok,21
"Warrap ",Gogrial West,Kuac North,Kuacjok,21
"Warrap ",Gogrial West,Kuac North,Kuacjok,21
"Warrap ",Gogrial West,Kuac North,Kuacjok,21
"Warrap ",Gogrial West,Kuac North,Kuacjok,21
"Warrap ",Gogrial West,Kuac North,Majok,21
"Warrap ",Gogrial West,Kuac South,Wunkuelthii,21
"Warrap ",Gogrial West,Riau,Anguoth,21
"Warrap ",Gogrial West,Riau,Anguoth,21
"Warrap ",Gogrial West,Riau,Panliet,21
"Warrap ",Gogrial West,Wau Bai,Tharkueng,21
"Warrap ",Tonj East,Ananatak,Ananatak,21
"Warrap ",Tonj East,Ananatak,Ngapanet,21
"Warrap ",Tonj East,Makuac,Makuach,21
"Warrap ",Tonj East,Makuac,Wuncuei,21
"Warrap ",Tonj East,Makuac,Wuncuei,21
"Warrap ",Tonj East,Malualcum,Kacuat,21
"Warrap ",Tonj East,Mayen,Mayen,21
"Warrap ",Tonj East,Palal,Akier,21
"Warrap ",Tonj East,Palal,Wunkot,21
"Warrap ",Tonj East,Paliang,Abior,21
"Warrap ",Tonj East,Paliang,Rumabuth,21
"Warrap ",Tonj East,Paliang,Rumabuth,21
"Warrap ",Tonj East,Pannhial,Kuelcuk,21
"Warrap ",Tonj East,Paweng,Juolgok,21
"Warrap ",Tonj East,Wun-liit,War-lang,21
"Warrap ",Tonj North,Akop,Acholok,21
"Warrap ",Tonj North,Akop,Athiengpuol,21
"Warrap ",Tonj North,Alabek,Adinydou,21
"Warrap ",Tonj North,Alabek,Langkap,21
"Warrap ",Tonj North,Aliek,Patei,21
"Warrap ",Tonj North,Aliek,Rorkou,21
"Warrap ",Tonj North,Awuul,Awuul,21
"Warrap ",Tonj North,Awuul,Pagakdit,21
"Warrap ",Tonj North,Awuul,Pagakdit,21
"Warrap ",Tonj North,Awuul,Pagakdit,21
"Warrap ",Tonj North,Kirik,Achiir,21
"Warrap ",Tonj North,Kirik,Madhiath,21
"Warrap ",Tonj North,Kirik,Manyiel,21
"Warrap ",Tonj North,Manloor,Pankot,21
"Warrap ",Tonj North,Manloor,Pankot,21
"Warrap ",Tonj North,Manloor,Pankot,21
"Warrap ",Tonj North,Manloor,Pankot,21
"Warrap ",Tonj North,Manloor,Pharek-sika,21
"Warrap ",Tonj North,Marial Lou,Adau,21
"Warrap ",Tonj North,Marial-lou,Puolbar,21
"Warrap ",Tonj North,Marial-lou,Puolbar,21
"Warrap ",Tonj North,Pagol,Lurchuk,21
"Warrap ",Tonj North,Pagol,Mayenloc,21
"Warrap ",Tonj North,Rual-bet,Achol,21
"Warrap ",Tonj North,Warrap,Warrap,21
"Warrap ",Tonj South,Jak,Majok,21
"Warrap ",Tonj South,Manyang-ngok,Cuei-cok,21
"Warrap ",Tonj South,Manyang-ngok,Cuei-cok,21
"Warrap ",Tonj South,Thiet,Thiet,21
"Warrap ",Tonj South,Thiet,Yiith-kuel,21
"Warrap ",Tonj South,Tonj,Aguka,21
"Warrap ",Tonj South,Tonj,Malual-muok,21
"Warrap ",Tonj South,Tonj,Tonj,21
"Warrap ",Tonj South,Tonj,Tonj,21
"Warrap ",Tonj South,Tonj,Tonj,21
"Warrap ",Tonj South,Tonj,Tonj,21
"Warrap ",Tonj South,Wath-alel,Mabior-yar,21
"Warrap ",Tonj South,Wath-alel,Pawel,21
"Warrap ",Tonj South,Wath-alel,Wanth Alel  2,21
"Warrap ",Twic,Ajak-kuac,Abyei,21
"Warrap ",Twic,Ajak-kuac,Molbang,21
"Warrap ",Twic,Akoc,Tiit,21
"Warrap ",Twic,Akoc,Tiit,21
"Warrap ",Twic,Akoc,Yiikthon,21
"Warrap ",Twic,Akoc,Yiikthon,21
"Warrap ",Twic,Aweeng,Bulyom,21
"Warrap ",Twic,Aweeng,Bulyom,21
"Warrap ",Twic,Aweeng,Majoknoon,21
"Warrap ",Twic,Aweeng,Maper,21
"Warrap ",Twic,Aweeng,Maper,21
"Warrap ",Twic,Pannyok,Akak,21
"Warrap ",Twic,Pannyok,Majakpagai,21
"Warrap ",Twic,Pannyok,Tuele,21
"Warrap ",Twic,Pannyok,Tuele,21
"Warrap ",Twic,Turalei,Anyiel-kuac,21
"Warrap ",Twic,Turalei,Ayien,21
"Warrap ",Twic,Turalei,Mangok,21
"Warrap ",Twic,Turalei,Nyielabiel,21
"Warrap ",Twic,Turalei,Nyielabiel,21
"Warrap ",Twic,Wunrok,Ajoong,21
"Warrap ",Twic,Wunrok,Awilgik,21
"Warrap ",Twic,Wunrok,Kurum,21
"Warrap ",Twic,Wunrok,Tiitcok,21
"Warrap ",Twic,Wunrok,Tiitcok,21
"NBeG ",Aweil Centre,Abul,Abul,22
"NBeG ",Aweil Centre,Abul,Awada,22
"NBeG ",Aweil Centre,Achana,Lulic,22
"NBeG ",Aweil Centre,Achana,Umar,22
"NBeG ",Aweil Centre,Aroyo,Aroyo,22
"NBeG ",Aweil Centre,Awada,Awada,22
"NBeG ",Aweil Centre,Aweil Town,Aweil Town,22
"NBeG ",Aweil Centre,Awulic,Awulic,22
"NBeG ",Aweil Centre,Awulic,Kuom,22
"NBeG ",Aweil Centre,Bar Mayen,Alok,22
"NBeG ",Aweil Centre,Bar Mayen,Baau,22
"NBeG ",Aweil Centre,Bar Mayen,Maundit,22
"NBeG ",Aweil Centre,Chel South,Cham Angui,22
"NBeG ",Aweil Centre,Chel South,Luang aher,22
"NBeG ",Aweil Centre,Chel South,Makuac Amudho,22
"NBeG ",Aweil Centre,Chel South,Makuac Amudho,22
"NBeG ",Aweil Centre,Nyalath,Nyalath,22
"NBeG ",Aweil Centre,Nyalath,Udaba,22
"NBeG ",Aweil North,Ariath,Kajik,22
"NBeG ",Aweil North,Ariath,Lueth Ngor,22
"NBeG ",Aweil North,Ariath,Lueth Ngor,22
"NBeG ",Aweil North,Ariath,Ngop Akot,22
"NBeG ",Aweil North,Malual Centre,Mareng Akok,22
"NBeG ",Aweil North,Malual Centre,Mareng Akok,22
"NBeG ",Aweil North,Malual Centre,Mareng Akok,22
"NBeG ",Aweil North,Malual Centre,Marol Deng Geng,22
"NBeG ",Aweil North,Malual Centre,Pamat,22
"NBeG ",Aweil North,Malual Centre,Pamat,22
"NBeG ",Aweil North,Malual East,Abyei Chok I,22
"NBeG ",Aweil North,Malual East,Jaach,22
"NBeG ",Aweil North,Malual East,Mabior Anguei,22
"NBeG ",Aweil North,Malual East,Mayen Ulem,22
"NBeG ",Aweil North,Malual East,War Geng,22
"NBeG ",Aweil North,Malual East,War Geng,22
"NBeG ",Aweil North,Malual East,War Pach,22
"NBeG ",Aweil North,Malual North,Gok Machar,22
"NBeG ",Aweil North,Malual North,Gor Ayen,22
"NBeG ",Aweil North,Malual North,Malual loc,22
"NBeG ",Aweil North,Malual North,Mayom Adhal,22
"NBeG ",Aweil North,Malual North,Peth Atak,22
"NBeG ",Aweil North,Malual West,Mabior Nyang,22
"NBeG ",Aweil North,Malual West,Majak Bai,22
"NBeG ",Aweil North,Malual West,Majak Bai,22
"NBeG ",Aweil North,Malual West,Majak Bai,22
"NBeG ",Aweil North,Malual West,Makuei,22
"NBeG ",Aweil North,Malual West,Makuei,22
"NBeG ",Aweil North,Malual West,Makuei,22
"NBeG ",Aweil South,Ayai,Ayai,22
"NBeG ",Aweil South,Gakrol,Akac,22
"NBeG ",Aweil South,Gakrol,Jerajiep,22
"NBeG ",Aweil South,Nyieth,Pankuach,22
"NBeG ",Aweil South,Nyocawany I,Mayom Lach,22
"NBeG ",Aweil South,Nyocawany I,Mayom Lach,22
"NBeG ",Aweil South,Panthou,Mading Chan,22
"NBeG ",Aweil South,Tar-Weng,Makuei Ngok,22
"NBeG ",Aweil South,Tiar-aleit,Tiar-aleit,22
"NBeG ",Aweil South,Wathmuok,Makuac Amiir,22
"NBeG ",Aweil South,Wathmuok,Panadhot,22
"NBeG ",Aweil West,Mariem East,Ajuet Alel,22
"NBeG ",Aweil West,Mariem East,Ajuet Alel,22
"NBeG ",Aweil West,Mariem East,Ajuet Toich,22
"NBeG ",Aweil West,Mariem East,Ajuet Toich,22
"NBeG ",Aweil West,Mariem West,Chimel Dit,22
"NBeG ",Aweil West,Mariem West,Chimel Dit,22
"NBeG ",Aweil West,Mariem West,Chimel Makem,22
"NBeG ",Aweil West,Mariem West,Chimel Makem,22
"NBeG ",Aweil East,Akon North,Ameth,22
"NBeG ",Aweil East,Akon South,Ayien,22
"NBeG ",Aweil East,Baach,Angoot,22
"NBeG ",Aweil East,Baach,Angoot,22
"NBeG ",Aweil East,Baach,Cuom-ator,22
"NBeG ",Aweil East,Baach,Makermawein,22
"NBeG ",Aweil East,Baach,Malou,22
"NBeG ",Aweil East,Baach,Malualkon,22
"NBeG ",Aweil East,Baach,Malualkon,22
"NBeG ",Aweil East,Baach,Mayanadhot,22
"NBeG ",Aweil East,Baach,Rulnyin,22
"NBeG ",Aweil East,Baach,Rum Aker,22
"NBeG ",Aweil East,Baach,Rum Aker,22
"NBeG ",Aweil East,Baach,Uyon,22
"NBeG ",Aweil East,Baach,Uyon,22
"NBeG ",Aweil East,Baach,War bai,22
"NBeG ",Aweil East,Madhol,Ajiep,22
"NBeG ",Aweil East,Madhol,Amarjal,22
"NBeG ",Aweil East,Madhol,Amoth Akok,22
"NBeG ",Aweil East,Madhol,Mabok Tong,22
"NBeG ",Aweil East,Madhol,Mabok Tong,22
"NBeG ",Aweil East,Madhol,Rumrol,22
"NBeG ",Aweil East,Malual Bai,Adoor,22
"NBeG ",Aweil East,Malual Bai,Adoor,22
"NBeG ",Aweil East,Malual Bai,Adoor,22
"NBeG ",Aweil East,Malual Bai,Lieth,22
"NBeG ",Aweil East,Malual Bai,Marol-lach,22
"NBeG ",Aweil East,Malual West,Makuei,22
"NBeG ",Aweil East,Mangar Tong,Maroldit,22
"NBeG ",Aweil East,Mangar Tong,Raildit,22
"NBeG ",Aweil East,Mangar-tong I,Kan-ajak,22
"NBeG ",Aweil East,Mangar-tong I,Mangar-tong,22
"NBeG ",Aweil East,Mangar-tong I,Rialdit II,22
"NBeG ",Aweil East,Mangar-tong II,Tit-chok mareeng,22
"NBeG ",Aweil East,Mangok,Maker,22
"NBeG ",Aweil East,Mangok,Mangok,22
"NBeG ",Aweil East,Mangok,Mangok,22
"NBeG ",Aweil East,Mangok,Maroldit,22
"NBeG ",Aweil East,Wunlang,Malual-Kuel,22
"NBeG ",Aweil East,Wunlang,Manyiel,22
"NBeG ",Aweil East,Wunlang,Rum-Athoi,22
"NBeG ",Aweil East,Yargot,Garam,22
"NBeG ",Aweil East,Yargot,Majok Buol,22
"NBeG ",Aweil East,Yargot,Makuac Akuel,22
WBG,Raga,Ere,Balbala,23
WBG,Raga,Raga,Gossinga,23
WBG,Raga,Raga,Mbambara,23
WBG,Raga,Raga,Raga North,23
WBG,Raga,Raga,Raga North,23
WBG,Raga,Raga,Raga North,23
WBG,Raga,Raga,Raga North,23
WBG,Raga,Ringi,Boro Medina,23
WBG,Raga,Ringi,Diem Jallab,23
WBG,Raga,Ringi,Katta,23
WBG,Raga,Ringi,Menamba,23
WBG,Raga,Uyujuku,Kuru,23
WBG,Raga,Uyujuku,Sopo,23
WBG,Raga,Uyujuku,Sopo,23
WBG,Raga,Uyujuku,Sopo,23
WBG,Raga,Uyujuku,Uyujuku,23
WBG,Raga,Uyujuku,Uyujuku,23
WBG,Raga,Uyujuku,Yabulu,23
WBG,Jur River,Kuajiena,Dang Acak,23
WBG,Jur River,Kuajiena,Kuajiena,23
WBG,Jur River,Kuajiena,Mbili,23
WBG,Jur River,Kuajiena,Mbili,23
WBG,Jur River,Marial Bai,Alek Chok,23
WBG,Jur River,Marial Bai,Alel Chok,23
WBG,Jur River,Marial Bai,Kuom,23
WBG,Jur River,Marial Bai,Marial Bai,23
WBG,Jur River,Marial Bai,Marial Bai,23
WBG,Jur River,Marial Bai,Marial Bai,23
WBG,Jur River,Marial Bai,Marial Bai,23
WBG,Jur River,Marial Bai,Marial Bai,23
WBG,Jur River,Marial Bai,Rakbak,23
WBG,Jur River,Rocrocdong,Achot,23
WBG,Jur River,Rocrocdong,Achot,23
WBG,Jur River,Rocrocdong,Rocrocdong,23
WBG,Jur River,Rocrocdong,Rocrocdong,23
WBG,Jur River,Rocrocdong,Wathalelo,23
WBG,Jur River,Udici,Atido,23
WBG,Jur River,Udici,Gette,23
WBG,Jur River,Udici,Gette,23
WBG,Jur River,Udici,Kayango,23
WBG,Jur River,Udici,Kayango,23
WBG,Jur River,Udici,Udici,23
WBG,Jur River,Udici,Udici,23
WBG,Jur River,Udici,Udici,23
WBG,Jur River,Wau Bai,Mabior Abiem,23
WBG,Jur River,Wau Bai,Makuac,23
WBG,Jur River,Wau Bai,Nyinakok,23
WBG,Jur River,Wau Bai,Nyinakok,23
WBG,Jur River,Wau Bai,Tarkeun,23
WBG,Jur River,Wau Bai,Tarkuen,23
WBG,Wau,Bagari,Bagari,23
WBG,Wau,Bagari,Bagari,23
WBG,Wau,Bagari,Bringi,23
WBG,Wau,Bagari,Bussere,23
WBG,Wau,Bagari,Bussere,23
WBG,Wau,Bagari,Momoi,23
WBG,Wau,Bagari,Momoi,23
WBG,Wau,Bagari,Ngisa,23
WBG,Wau,Bagari,Ngisa,23
WBG,Wau,Bagari,Ngisa,23
WBG,Wau,Bagari,Ngodakala,23
WBG,Wau,Bagari,Ngodakala,23
WBG,Wau,Bagari,Ngodakala,23
WBG,Wau,Besselia,Abu-shaka,23
WBG,Wau,Besselia,Besselia,23
WBG,Wau,Besselia,Kaabi,23
WBG,Wau,Besselia,Khor Gana,23
WBG,Wau,Besselia,Mboro,23
WBG,Wau,Besselia,Mboro,23
WBG,Wau,Besselia,Mboro,23
WBG,Wau,Besselia,Mboro,23
WBG,Wau,Besselia,Ngolimbo,23
WBG,Wau,Besselia,Ngolimbo,23
WBG,Wau,Kpaile,Gittan,23
WBG,Wau,Kpaile,Gittan,23
WBG,Wau,Kpaile,Kpaile,23
WBG,Wau,Kpaile,Kpaile,23
WBG,Wau,Kpaile,Rafili,23
WBG,Wau,Kpaile,Taban,23
WBG,Wau,Wau North,Darajat West,23
WBG,Wau,Wau North,Darajat West,23
WBG,Wau,Wau North,Hai Bafra,23
WBG,Wau,Wau North,Hai Dinka,23
WBG,Wau,Wau North,Hai Dinka,23
WBG,Wau,Wau North,Hai Fahal/Zande,23
WBG,Wau,Wau North,Ismailiya,23
WBG,Wau,Wau North,Lokloko,23
WBG,Wau,Wau South,Agok,23
WBG,Wau,Wau South,Agok,23
WBG,Wau,Wau South,Bazia Jedid,23
WBG,Wau,Wau South,Hai Krash A,23
WBG,Wau,Wau South,Jebel Kheir,23
WBG,Wau,Wau South,Jebel Kheir,23
WBG,Wau,Wau South,Jezira,23
WBG,Wau,Wau South,Kosti,23
WBG,Wau,Wau South,Masna,23
WBG,Wau,Wau South,Muwzifin,23
WBG,Wau,Wau South,Muwzifin,23
WBG,Wau,Wau South,Muwzifin,23
WBG,Wau,Wau South,Nazareth,23
WBG,Wau,Wau South,Nazareth,23
WBG,Wau,Wau South,Salaam,23
"Lakes ",Yirol East,Adior,Ayiem,24
"Lakes ",Yirol East,Adior,Shambe,24
"Lakes ",Yirol East,Lekakedu,Nyang,24
"Lakes ",Yirol East,Malek,Langmatot,24
"Lakes ",Yirol East,Malek,Malek,24
"Lakes ",Yirol East,Pagarau,Kap,24
"Lakes ",Yirol East,Pagarau,Pagarau,24
"Lakes ",Yirol West,Abang,Pakeu,24
"Lakes ",Yirol West,Abang,Pankar,24
"Lakes ",Yirol West,Abang,Wath-cabath,24
"Lakes ",Yirol West,Aluakluak,Agany,24
"Lakes ",Yirol West,Aluakluak,Aluakluak,24
"Lakes ",Yirol West,Anuol,Ateerbaai,24
"Lakes ",Yirol West,Anuol,Kathiar,24
"Lakes ",Yirol West,Geng-geng,Pabur,24
"Lakes ",Yirol West,Gher,Yibor,24
"Lakes ",Yirol West,Mapuordit,Agutraan,24
"Lakes ",Yirol West,Mapuordit,Mabui,24
"Lakes ",Cueibet,Duony,Agok,24
"Lakes ",Cueibet,Duony,Mayath,24
"Lakes ",Cueibet,Malou Pec,Ciminti,24
"Lakes ",Cueibet,Malou Pec,Ludo Cok,24
"Lakes ",Cueibet,Malou Pec,Makuei,24
"Lakes ",Cueibet,Malou Pec,Malou,24
"Lakes ",Cueibet,Ngap,Malou,24
"Lakes ",Cueibet,Pagor,Anaak,24
"Lakes ",Rumbek Centre,Amongpiny,Adol,24
"Lakes ",Rumbek Centre,Jiir,Abinajok,24
"Lakes ",Rumbek Centre,Jiir,Abinajok,24
"Lakes ",Rumbek Centre,Jiir,Akoljal,24
"Lakes ",Rumbek Centre,Malek,Abeer,24
"Lakes ",Rumbek Centre,Malek,Apeet,24
"Lakes ",Rumbek Centre,Matangai,Abeer,24
"Lakes ",Rumbek Centre,Matangai,Abeer,24
"Lakes ",Rumbek Centre,Matangai,Cholocok,24
"Lakes ",Rumbek Centre,Matangai,Cholocok,24
"Lakes ",Rumbek Centre,Matangai,Nyangkoot,24
"Lakes ",Rumbek Centre,Matangai,Nyangkoot,24
"Lakes ",Rumbek Centre,Mayom,Cueicok,24
"Lakes ",Rumbek Centre,Mayom,Cueicok,24
"Lakes ",Rumbek Centre,Rumbek Town,Abarkou,24
"Lakes ",Rumbek Centre,Rumbek Town,Abarkou,24
"Lakes ",Rumbek Centre,Rumbek Town,Abeer,24
"Lakes ",Rumbek Centre,Rumbek Town,Abeer,24
"Lakes ",Rumbek Centre,Rumbek Town,Adol,24
"Lakes ",Rumbek Centre,Rumbek Town,Cholocok,24
"Lakes ",Rumbek Centre,Rumbek Town,Nyangkoot,24
"Lakes ",Rumbek East,Aduel,Aduel,24
"Lakes ",Rumbek East,Aduel,Aduel,24
"Lakes ",Rumbek East,Aduel,Aduel,24
"Lakes ",Rumbek East,Aduel,Billing,24
"Lakes ",Rumbek East,Aduel,Thonic,24
"Lakes ",Rumbek East,Aduel,Thonic,24
"Lakes ",Rumbek East,Aduel,Thonic,24
"Lakes ",Rumbek East,Akot,Ameth Agok,24
"Lakes ",Rumbek East,Atiaba,Atiaba,24
"Lakes ",Rumbek East,Atiaba,Atiaba,24
"Lakes ",Rumbek East,Atiaba,Karic,24
"Lakes ",Rumbek East,Cueicok,Makembele,24
"Lakes ",Rumbek East,Cueicok,Makembele,24
"Lakes ",Rumbek East,Malenagok,Billing,24
"Lakes ",Rumbek East,Malenagok,Kuelkuac,24
"Lakes ",Rumbek East,Mathiang-kok,Majak,24
"Lakes ",Rumbek East,Mathiang-kok,Pacong,24
"Lakes ",Rumbek East,Mathiang-kok,Pacong,24
"Lakes ",Rumbek East,Pachong,Pacong,24
"Lakes ",Rumbek East,Pachong,Panawac,24
"Lakes ",Rumbek East,Paloch,Golkou,24
"Lakes ",Rumbek North,Aloor,Catom,24
"Lakes ",Rumbek North,Malueeth,Achiek,24
"Lakes ",Rumbek North,Malueeth,Kak,24
"Lakes ",Rumbek North,Maper,Maper Centre,24
"Lakes ",Rumbek North,Maper,Maper Centre,24
"Lakes ",Rumbek North,Mayen,Amok,24
"Lakes ",Rumbek North,Mayen,Mayen,24
"Lakes ",Rumbek North,Wun-rieng,Wun-rieng,24
"Lakes ",Wulu,Bargel,Bargel,24
"Lakes ",Wulu,Bargel,Bargel,24
"Lakes ",Wulu,Bargel,Gulmar,24
"Lakes ",Wulu,Bargel,Gulmar,24
"Lakes ",Wulu,Domoloto,Deteku,24
"Lakes ",Wulu,Domoloto,Deteku,24
"Lakes ",Wulu,Domoloto,Wakou,24
"Lakes ",Wulu,Makundi,Bidibadai,24
"Lakes ",Wulu,Wulu,Tonjo,24
"Lakes ",Wulu,Wulu,Wulu Gedim,24
"Lakes ",Wulu,Wulu,Wulu Gedim,24
WES,Mundri East,Kediba,Dosho,31
WES,Mundri East,Kediba,Kediba,31
WES,Mundri East,Kediba,Kediba,31
WES,Mundri East,Kediba,Kediba,31
WES,Mundri East,Kediba,Movo,31
WES,Mundri East,Kediba,Wandi,31
WES,Mundri East,Lakamadi,Kasiko,31
WES,Mundri East,Lakamadi,Lakamadi,31
WES,Mundri East,Lozoh,Bu-agyi,31
WES,Mundri East,Lozoh,Bu-agyi,31
WES,Mundri East,Lozoh,Lanyi,31
WES,Mundri East,Lozoh,Lanyi,31
WES,Mundri East,Lozoh,Lanyi,31
WES,Mundri East,Lozoh,Lozoh,31
WES,Mundri East,Lozoh,Lui,31
WES,Mundri East,Lozoh,Wiroh,31
WES,Mundri East,Minga,Iyge,31
WES,Mundri East,Minga,Minga,31
WES,Mundri East,Witto,Mariba,31
WES,Mundri East,Witto,Mariba,31
WES,Mundri East,Witto,Mideh,31
WES,Mundri West,Amadi,Bitti,31
WES,Mundri West,Amadi,Kulundu,31
WES,Mundri West,Amadi,Kulundu,31
WES,Mundri West,Bangolo,Bangolo,31
WES,Mundri West,Bangolo,Bangolo,31
WES,Mundri West,Bangolo,Diko,31
WES,Mundri West,Bangolo,Diko,31
WES,Mundri West,Bangolo,Ledingwa,31
WES,Mundri West,Bangolo,Ledingwa,31
WES,Mundri West,Bangolo,Ledingwa,31
WES,Mundri West,Kotobi,Bari,31
WES,Mundri West,Kotobi,Karika,31
WES,Mundri West,Kotobi,Karika,31
WES,Mundri West,Kotobi,Karika,31
WES,Mundri West,Kotobi,Kotobi,31
WES,Mundri West,Kotobi,Medewu,31
WES,Mundri West,Mundri,Gulu,31
WES,Mundri West,Mundri,Mbara,31
WES,Mundri West,Mundri,Mundri,31
WES,Mvolo,Bagori,Bagori,31
WES,Mvolo,Bagori,Kperikudu,31
WES,Mvolo,Bahr El Grindi,Bahr El Grindi Centre,31
WES,Mvolo,Bahr El Grindi,Leybolo,31
WES,Mvolo,Bahr El Grindi,Wowo,31
WES,Mvolo,Dari,Dari,31
WES,Mvolo,Kokori,Kombi,31
WES,Mvolo,Kokori,Kulu,31
WES,Mvolo,Lessi,Lessi,31
WES,Mvolo,Mvolo,Dimeri,31
WES,Mvolo,Mvolo,Minikolome,31
WES,Mvolo,Yeri,Mayewe,31
WES,Mvolo,Yeri,Yeri,31
WES,Ezo,Andari,Andari Centre,31
WES,Ezo,Andari,Bafuka,31
WES,Ezo,Andari,Bangangai,31
WES,Ezo,Andari,Baragu,31
WES,Ezo,Bagidi,Agiango,31
WES,Ezo,Bagidi,Agiango,31
WES,Ezo,Bagidi,Agiango,31
WES,Ezo,Bagidi,Bagidi Centre,31
WES,Ezo,Bagidi,Baikpa,31
WES,Ezo,Bagidi,Moso,31
WES,Ezo,Bariguna,Bambaraze,31
WES,Ezo,Bariguna,Banduguyo,31
WES,Ezo,Bariguna,Bariabande,31
WES,Ezo,Bariguna,Bariguna Cente,31
WES,Ezo,Ezo Centre,Degere,31
WES,Ezo,Ezo Centre,Ezo Centre,31
WES,Ezo,Ezo Centre,Ezo Centre,31
WES,Ezo,Ezo Centre,Ezo Centre,31
WES,Ezo,Ezo Centre,Ezo Centre,31
WES,Ezo,Ezo Centre,Ezo Centre,31
WES,Ezo,Ezo Centre,Madoro,31
WES,Ezo,Ezo Centre,Madoro,31
WES,Ezo,Ezo Centre,Mangbangua,31
WES,Ezo,Naandi,Diabio,31
WES,Ezo,Naandi,Marangu,31
WES,Ezo,Naandi,Naandi Centre,31
WES,Ezo,Naandi,Nyasi,31
WES,Ezo,Naandi,Nyasi,31
WES,Ezo,Yangiri,Mafuyo,31
WES,Ezo,Yangiri,Yangiri Centre,31
WES,Ezo,Yangiri,Yangura,31
WES,Nzara,Basukangbi,Mbamu,31
WES,Nzara,Basukangbi,Namama,31
WES,Nzara,Basukangbi,Ndoromo,31
WES,Nzara,Nzara Centre,Namaiku,31
WES,Nzara,Nzara Centre,Namaiku,31
WES,Nzara,Nzara Centre,Namaiku,31
WES,Nzara,Nzara Centre,Nzara Centre,31
WES,Nzara,Nzara Centre,Nzara Centre,31
WES,Nzara,Nzara Centre,Nzara Centre,31
WES,Nzara,Nzara Centre,Nzara Centre,31
WES,Nzara,Nzara Centre,Nzara Centre,31
WES,Nzara,Nzara Centre,Nzara Centre,31
WES,Nzara,Nzara Centre,Yabongo,31
WES,Nzara,Ringasi,Ringasi West,31
WES,Nzara,Sakure,Bakpara,31
WES,Nzara,Sakure,Bakpara,31
WES,Nzara,Sakure,Bangi,31
WES,Nzara,Sakure,Bure Maku,31
WES,Nzara,Sakure,Bureangburu,31
WES,Nzara,Sakure,Sakure Centre,31
WES,Nzara,Sangua,Dingapa,31
WES,Nzara,Sangua,Sagua One,31
WES,Nzara,Sangua,Sangua Two,31
WES,Yambio,Bangasu,Bangasu,31
WES,Yambio,Bangasu,Bangasu,31
WES,Yambio,Bangasu,Bangasu,31
WES,Yambio,Bangasu,Bangasu,31
WES,Yambio,Bangasu,Bangasu,31
WES,Yambio,Bangasu,Birezigbo,31
WES,Yambio,Bangasu,Hukuo,31
WES,Yambio,Bangasu,James Diko,31
WES,Yambio,Bangasu,Nyaka,31
WES,Yambio,Bangasu,Rimenze,31
WES,Yambio,Bangasu,Rimenze,31
WES,Yambio,Bangasu,Rimenze,31
WES,Yambio,Gangura,Birisi,31
WES,Yambio,Gangura,Birisi,31
WES,Yambio,Gangura,Gangura,31
WES,Yambio,Gangura,Gangura,31
WES,Yambio,Gangura,Gangura,31
WES,Yambio,Gangura,Masumbu,31
WES,Yambio,Gangura,Nabiapai,31
WES,Yambio,Gangura,Nangume,31
WES,Yambio,Gangura,Nanguruza,31
WES,Yambio,Nadiangere,Nadiangere Centre,31
WES,Yambio,Nadiangere,Nangume,31
WES,Yambio,Ri-rangu,Benzimifoki,31
WES,Yambio,Ri-rangu,Mombai,31
WES,Yambio,Ri-rangu,Nabima,31
WES,Yambio,Ri-rangu,Ri-rangu Centre,31
WES,Yambio,Ri-rangu,Ri-rangu Centre,31
WES,Yambio,Yambio Town,Bazungua,31
WES,Yambio,Yambio Town,Bazungua,31
WES,Yambio,Yambio Town,Bazungua,31
WES,Yambio,Yambio Town,Bazungua,31
WES,Yambio,Yambio Town,Bazungua,31
WES,Yambio,Yambio Town,Bazungua,31
WES,Yambio,Yambio Town,Bodo,31
WES,Yambio,Yambio Town,Bodo,31
WES,Yambio,Yambio Town,Gangara emelia,31
WES,Yambio,Yambio Town,Gangura,31
WES,Yambio,Yambio Town,Hai Baiparu,31
WES,Yambio,Yambio Town,Hai Bakindo,31
WES,Yambio,Yambio Town,Hai Kabash,31
WES,Yambio,Yambio Town,Hai Kuzee,31
WES,Yambio,Yambio Town,Hai Kuzee,31
WES,Yambio,Yambio Town,Hai Tarawa,31
WES,Yambio,Yambio Town,Hai Tarawa,31
WES,Yambio,Yambio Town,Masiya,31
WES,Yambio,Yambio Town,Naduru,31
WES,Yambio,Yambio Town,Naduru,31
WES,Yambio,Yambio Town,Ndavuro,31
WES,Yambio,Yambio Town,Ngindo,31
WES,Yambio,Yambio Town,Ngindo,31
WES,Yambio,Yambio Town,Ngindo,31
WES,Yambio,Yambio Town,Ngindo,31
WES,Yambio,Yambio Town,Rii-Rangu,31
WES,Yambio,Yambio Town,Saura,31
WES,Yambio,Yambio Town,Saura,31
WES,Yambio,Yambio Town,Yabongo,31
WES,Yambio,Yambio Town,Yabongo,31
WES,Yambio,Yambio Town,Yabongo,31
WES,Yambio,Yambio Town,Yambio,31
WES,Yambio,Yambio Town,Yambio,31
WES,Ibba,Ibba Centre,Namarabia,31
WES,Ibba,Ibba Centre,Namarabia,31
WES,Ibba,Ibba Centre,Namarabia,31
WES,Ibba,Ibba Centre,Namarabia,31
WES,Ibba,Ibba Centre,Namarabia,31
WES,Ibba,Ibba Centre,Ngungua,31
WES,Ibba,Ibba Centre,Ngungua,31
WES,Ibba,Madebe,Madebe Centre,31
WES,Ibba,Madebe,Madebe Centre,31
WES,Ibba,Manikakara,Manikakara Centre,31
WES,Ibba,Manikakara,Rubu,31
WES,Ibba,Maruko,Manzangbi,31
WES,Ibba,Maruko,Maruko Centre,31
WES,Ibba,Maruko,Tanamuko,31
WES,Ibba,Maruko,Tanamuko,31
WES,Ibba,Nabanga,Gbua,31
WES,Ibba,Nabanga,Nabanga  Centre,31
WES,Ibba,Nabanga,Nabanga  Centre,31
WES,Ibba,Nabanga,Nabanga  Centre,31
WES,Maridi,Kozi,Amaki,31
WES,Maridi,Kozi,Amaki,31
WES,Maridi,Kozi,Kozi,31
WES,Maridi,Kozi,Ngode,31
WES,Maridi,Landili,Bingo,31
WES,Maridi,Landili,Dorolili,31
WES,Maridi,Mambe,Eyira,31
WES,Maridi,Mambe,Eyira,31
WES,Maridi,Mambe,Mambe,31
WES,Maridi,Mambe,Mambe,31
WES,Maridi,Mambe,Mambe,31
WES,Maridi,Mambe,Olo,31
WES,Maridi,Mambe,Olo,31
WES,Maridi,Maridi,Mabirindi,31
WES,Maridi,Maridi,Mabirindi,31
WES,Maridi,Maridi,Mabirindi,31
WES,Maridi,Maridi,Mabirindi,31
WES,Maridi,Maridi,Mabirindi,31
WES,Maridi,Maridi,Malakia,31
WES,Maridi,Maridi,Malakia,31
WES,Maridi,Maridi,Mboroko,31
WES,Maridi,Maridi,Mboroko,31
WES,Maridi,Maridi,Mboroko,31
WES,Maridi,Maridi,Mboroko,31
WES,Maridi,Maridi,Modubai,31
WES,Maridi,Maridi,Nagbaka,31
WES,Maridi,Maridi,Nagbaka,31
WES,Maridi,Ngamunde,E'di,31
WES,Maridi,Ngamunde,E'di,31
WES,Maridi,Ngamunde,E'di,31
WES,Maridi,Ngamunde,Kuwanga,31
WES,Maridi,Ngamunde,Kuwanga,31
WES,Maridi,Ngamunde,Mekke,31
WES,Nagero,Nagero,Bandala,31
WES,Nagero,Nagero,Bandala,31
WES,Nagero,Nagero,Diayanga,31
WES,Nagero,Nagero,Maringindo,31
WES,Nagero,Nagero,Nagero Centre,31
WES,Nagero,Nagero,Zamoi,31
WES,Nagero,Namutina,Akpa,31
WES,Nagero,Namutina,Namutina Centre,31
WES,Tambura,Mupoi,Nangume,31
WES,Tambura,Mupoi,Nangume,31
WES,Tambura,Mupoi,Senenguse,31
WES,Tambura,Namutina,Kpangima,31
WES,Tambura,Source Yubu,Mabenge,31
WES,Tambura,Source Yubu,Ngboko,31
WES,Tambura,Source Yubu,Saba Mile,31
WES,Tambura,Source Yubu,Source Yubu Centre,31
WES,Tambura,Tambura,Gberezagino,31
WES,Tambura,Tambura,Kenia,31
WES,Tambura,Tambura,Mabaiku,31
WES,Tambura,Tambura,Mabaiku,31
WES,Tambura,Tambura,Mangburu,31
WES,Tambura,Tambura,Mangburu,31
WES,Tambura,Tambura,Matakurungu,31
WES,Tambura,Tambura,Tambura East,31
WES,Tambura,Tambura,Tambura East,31
WES,Tambura,Tambura,Tambura East,31
WES,Tambura,Tambura,Tambura West,31
WES,Tambura,Tambura,Tambura West,31
WES,Tambura,Tambura,Zangia,31
WES,Tambura,Tambura,Zangia,31
CES,Juba,Bungu,Kworojik-Bungu,32
CES,Juba,Dolo,Kuda,32
CES,Juba,Dolo,Kuda,32
CES,Juba,Dolo,Kuda,32
CES,Juba,Dolo,Sirimon,32
CES,Juba,Dolo,Sirimon,32
CES,Juba,Dolo,Sure,32
CES,Juba,Dolo,Tulyang,32
CES,Juba,Dolo,Tulyang,32
CES,Juba,Dolo,Tulyang,32
CES,Juba,Dolo,Tulyang,32
CES,Juba,Dolo,Tulyang,32
CES,Juba,Dolo,Tulyang,32
CES,Juba,Dolo,Tulyang,32
CES,Juba,Dolo,Tulyang,32
CES,Juba,Ganji,Kagwada,32
CES,Juba,Ganji,Kagwada,32
CES,Juba,Ganji,Kulipapa,32
CES,Juba,Gondokoro,Garbu,32
CES,Juba,Gondokoro,Monanyik,32
CES,Juba,Juba Town,Dresses Line,32
CES,Juba,Juba Town,Dresses Line,32
CES,Juba,Juba Town,Dresses Line,32
CES,Juba,Juba Town,Hai Gabat,32
CES,Juba,Juba Town,Hai Gabat,32
CES,Juba,Juba Town,Hai Malakal,32
CES,Juba,Juba Town,Hai Nyakama,32
CES,Juba,Juba Town,Hai Orselim,32
CES,Juba,Juba Town,Hai Orselim,32
CES,Juba,Juba Town,Hai Orselim,32
CES,Juba,Juba Town,Hai Orselim,32
CES,Juba,Juba Town,Juba Quarter Council,32
CES,Juba,Juba Town,Juba Quarter Council,32
CES,Juba,Juba Town,Juba Quarter Council,32
CES,Juba,Juba Town,Juba Quarter Council,32
CES,Juba,Juba Town,Juba Quarter Council,32
CES,Juba,Kator,Atlabara,32
CES,Juba,Kator,Kator Centre,32
CES,Juba,Kator,Kator Centre,32
CES,Juba,Kator,Konyo Konyo,32
CES,Juba,Kator,Lologo,32
CES,Juba,Lirya,Lirya Centre,32
CES,Juba,Lirya,Lyongori,32
CES,Juba,Lirya,Ngangala,32
CES,Juba,Lirya,Ngulere,32
CES,Juba,Lobonok,Karpeto,32
CES,Juba,Lobonok,Luwalla,32
CES,Juba,Lobonok,Tombur,32
CES,Juba,Lobonok,Tombur,32
CES,Juba,Lobonok,Tombur,32
CES,Juba,Lobonok,Tombur,32
CES,Juba,Lobonok,Tombur,32
CES,Juba,Lokiliri,Aru,32
CES,Juba,Lokiliri,Aru,32
CES,Juba,Lokiliri,Jaliet-Kudow,32
CES,Juba,Lokiliri,Jaliet-Kudow,32
CES,Juba,Lokiliri,Lokiliri Centre,32
CES,Juba,Lokiliri,Lokiliri Centre,32
CES,Juba,Lokiliri,Odemu,32
CES,Juba,Mangala North,Mangala Centre,32
CES,Juba,Mangala South,Bilinyang,32
CES,Juba,Mangala South,Bilinyang,32
CES,Juba,Mangala South,Magiri,32
CES,Juba,Mangala South,Magiri,32
CES,Juba,Munuki,Dar-Salam,32
CES,Juba,Munuki,Dar-Salam,32
CES,Juba,Munuki,Hai Kwuit,32
CES,Juba,Munuki,Hai Kwuit,32
CES,Juba,Munuki,Hai Mouna,32
CES,Juba,Munuki,Hai Mouna,32
CES,Juba,Munuki,Hai Mouna,32
CES,Juba,Munuki,Hai Mouna,32
CES,Juba,Munuki,Hai Mouna,32
CES,Juba,Munuki,Hai Seminary,32
CES,Juba,Munuki,Munuki Block C,32
CES,Juba,Munuki,Munuki Island,32
CES,Juba,Munuki,Nyokuron North,32
CES,Juba,Munuki,Nyokuron South,32
CES,Juba,Munuki,Nyokuron West,32
CES,Juba,Northern Bari,Jebel Ladu,32
CES,Juba,Northern Bari,Juba Na Bari,32
CES,Juba,Northern Bari,Juba Na Bari,32
CES,Juba,Northern Bari,Juba Na Bari,32
CES,Juba,Northern Bari,Juba Na Bari,32
CES,Juba,Northern Bari,Luri,32
CES,Juba,Northern Bari,Luri,32
CES,Juba,Northern Bari,Luri,32
CES,Juba,Northern Bari,Luri,32
CES,Juba,Northern Bari,Luri,32
CES,Juba,Northern Bari,Tendere,32
CES,Juba,Northern Bari,Tendere,32
CES,Juba,Rejaf,Gumbo,32
CES,Juba,Rejaf,Logo East,32
CES,Juba,Rejaf,Logo West,32
CES,Juba,Rokon,Kugi,32
CES,Juba,Rokon,Kugi,32
CES,Juba,Rokon,Mirikiyo,32
CES,Juba,Rokon,Mirikiyo,32
CES,Juba,Rokon,Rokon Centre,32
CES,Juba,Rokon,Rokon Centre,32
CES,Juba,Rokon,Toko-Ko-Tulu,32
CES,Juba,Wonduruba,Katigiri,32
CES,Juba,Wonduruba,Katigiri,32
CES,Juba,Wonduruba,Katigiri,32
CES,Juba,Wonduruba,Logwilu,32
CES,Juba,Wonduruba,Logwilu,32
CES,Juba,Wonduruba,Logwilu,32
CES,Juba,Wonduruba,Maliyo,32
CES,Juba,Wonduruba,Maliyo,32
CES,Juba,Wonduruba,Moje,32
CES,Terekeka,Gameiza,Buju/Lojora,32
CES,Terekeka,Muni,Bokana,32
CES,Terekeka,Muni,Bokana,32
CES,Terekeka,Muni,Tukoro,32
CES,Terekeka,Muni,Tukoro,32
CES,Terekeka,Nyori,Loki,32
CES,Terekeka,Nyori,Loki,32
CES,Terekeka,Nyori,Maridi,32
CES,Terekeka,Nyori,Maridi,32
CES,Terekeka,Reggo,Buju/Lojora,32
CES,Terekeka,Reggo,Buju/Lojora,32
CES,Terekeka,Reggo,Buju/Lojora,32
CES,Terekeka,Reggo,Buranga,32
CES,Terekeka,Reggo,Buranga,32
CES,Terekeka,Reggo,Buranga,32
CES,Terekeka,Reggo,Buranga,32
CES,Terekeka,Reggo,Longi,32
CES,Terekeka,Reggo,Longi,32
CES,Terekeka,Reggo,Longi,32
CES,Terekeka,Reggo,Longi,32
CES,Terekeka,Reggo,Mirindia,32
CES,Terekeka,Reggo,Mirindia,32
CES,Terekeka,Rijong,Jonkok Payaya,32
CES,Terekeka,Rijong,Kowori,32
CES,Terekeka,Rijong,Kowori,32
CES,Terekeka,Tali,Bari,32
CES,Terekeka,Tali,Dari,32
CES,Terekeka,Tali,Dari,32
CES,Terekeka,Tali,Dudu,32
CES,Terekeka,Tali,Jobur,32
CES,Terekeka,Tali,Jobur,32
CES,Terekeka,Tali,Jobur,32
CES,Terekeka,Tali,Jokari,32
CES,Terekeka,Tali,Makido,32
CES,Terekeka,Tali,Mijiki,32
CES,Terekeka,Tali,Pagara,32
CES,Terekeka,Terekeka,Buko,32
CES,Terekeka,Terekeka,Buko,32
CES,Terekeka,Terekeka,Nyikabur,32
CES,Terekeka,Terekeka,Nyikabur,32
CES,Terekeka,Tijor,Buko,32
CES,Terekeka,Tijor,Guru-Lo-Toggu,32
CES,Terekeka,Tijor,Tijor Centre,32
CES,Terekeka,Tindilo,Bureng,32
CES,Terekeka,Tindilo,Bureng,32
CES,Terekeka,Tindilo,Mundari Bura,32
CES,Terekeka,Tombek,Bori,32
CES,Terekeka,Tombek,Swak-lee,32
CES,Kajo-Keji,Kangapo One,Kigwo,32
CES,Kajo-Keji,Kangapo One,Kiri,32
CES,Kajo-Keji,Kangapo One,Leikor,32
CES,Kajo-Keji,Kangapo One,Limi,32
CES,Kajo-Keji,Kangapo One,Litoba,32
CES,Kajo-Keji,Kangapo One,Moijo,32
CES,Kajo-Keji,Kangapo One,Pomoju,32
CES,Kajo-Keji,Kangapo One,Pomoju,32
CES,Kajo-Keji,Kangapo One,Sera-Jale,32
CES,Kajo-Keji,Kangapo One,Sera-Jale,32
CES,Kajo-Keji,Kangapo One,Sera-Jale,32
CES,Kajo-Keji,Kangapo Two,Bori,32
CES,Kajo-Keji,Kangapo Two,Bori,32
CES,Kajo-Keji,Kangapo Two,Jalimo,32
CES,Kajo-Keji,Kangapo Two,Jalimo,32
CES,Kajo-Keji,Kangapo Two,Jalimo,32
CES,Kajo-Keji,Kangapo Two,Kinyiba,32
CES,Kajo-Keji,Kangapo Two,Kinyiba,32
CES,Kajo-Keji,Kangapo Two,Logili,32
CES,Kajo-Keji,Kangapo Two,Logu,32
CES,Kajo-Keji,Kangapo Two,Wudu,32
CES,Kajo-Keji,Kangapo Two,Wudu,32
CES,Kajo-Keji,Kangapo Two,Wudu,32
CES,Kajo-Keji,Kangapo Two,Wudu,32
CES,Kajo-Keji,Lire,Kudaji,32
CES,Kajo-Keji,Lire,Likamerok,32
CES,Kajo-Keji,Lire,Likamerok,32
CES,Kajo-Keji,Lire,Likamerok,32
CES,Kajo-Keji,Lire,Longira,32
CES,Kajo-Keji,Lire,Mekir,32
CES,Kajo-Keji,Lire,Mere,32
CES,Kajo-Keji,Lire,Romogi,32
CES,Kajo-Keji,Liwolo,Ajio,32
CES,Kajo-Keji,Liwolo,Ajio,32
CES,Kajo-Keji,Liwolo,Ajio,32
CES,Kajo-Keji,Liwolo,Kala,32
CES,Kajo-Keji,Liwolo,Kerwa,32
CES,Kajo-Keji,Liwolo,Kerwa,32
CES,Kajo-Keji,Liwolo,Kerwa,32
CES,Kajo-Keji,Liwolo,Mangalatore,32
CES,Kajo-Keji,Liwolo,Mangalatore,32
CES,Kajo-Keji,Liwolo,Sokare,32
CES,Kajo-Keji,Liwolo,Sokare,32
CES,Kajo-Keji,Nyepo,Gederu,32
CES,Kajo-Keji,Nyepo,Gederu,32
CES,Kajo-Keji,Nyepo,Kansuk,32
CES,Kajo-Keji,Nyepo,Kansuk,32
CES,Kajo-Keji,Nyepo,Lori,32
CES,Kajo-Keji,Nyepo,Rodo,32
CES,Lainya,Kenyi,Kenyi Centre,32
CES,Lainya,Kenyi,Kenyi Centre,32
CES,Lainya,Kenyi,Kenyi Centre,32
CES,Lainya,Kenyi,Limbe,32
CES,Lainya,Kenyi,Loka West,32
CES,Lainya,Kenyi,Loka West,32
CES,Lainya,Kupera,Korobe,32
CES,Lainya,Kupera,Korobe,32
CES,Lainya,Kupera,Korobe,32
CES,Lainya,Kupera,Kupera,32
CES,Lainya,Kupera,Kupera,32
CES,Lainya,Kupera,Kupera,32
CES,Lainya,Kupera,Mundu,32
CES,Lainya,Lainya,Bereka,32
CES,Lainya,Lainya,Bereka,32
CES,Lainya,Lainya,Logwili,32
CES,Lainya,Lainya,Logwili,32
CES,Lainya,Lainya,Logwili,32
CES,Lainya,Lainya,Lokurubang,32
CES,Lainya,Lainya,Lokurubang,32
CES,Lainya,Lainya,Lokurubang,32
CES,Lainya,Mukaya,Biri,32
CES,Lainya,Mukaya,Biri,32
CES,Lainya,Mukaya,Dimu One,32
CES,Lainya,Mukaya,Dimu One,32
CES,Lainya,Mukaya,Lorega,32
CES,Lainya,Wuji,Dongoro,32
CES,Lainya,Wuji,Dongoro,32
CES,Lainya,Wuji,Dongoro,32
CES,Lainya,Wuji,Koyoki,32
CES,Lainya,Wuji,Koyoki,32
CES,Lainya,Wuji,Koyoki,32
CES,Lainya,Wuji,Wuji Centre,32
CES,Morobo,Gulumbi,Kendila,32
CES,Morobo,Gulumbi,Kili-kili,32
CES,Morobo,Gulumbi,Kindi,32
CES,Morobo,Kimba,Kaya,32
CES,Morobo,Kimba,Kimba Centre,32
CES,Morobo,Kimba,Yondu,32
CES,Morobo,Lujulo,Kembe,32
CES,Morobo,Lujulo,Kendre,32
CES,Morobo,Lujulo,Yugufe,32
CES,Morobo,Panyume,Panyume Centre,32
CES,Morobo,Panyume,Yaribe,32
CES,Morobo,Wudabi,Aloto,32
CES,Morobo,Wudabi,Geri,32
CES,Morobo,Wudabi,Geri,32
CES,Yei,Lasu,Asoli,32
CES,Yei,Lasu,Asoli,32
CES,Yei,Lasu,Asoli,32
CES,Yei,Lasu,Lasu Centre,32
CES,Yei,Lasu,Lasu Centre,32
CES,Yei,Lasu,Tokori,32
CES,Yei,Lasu,Tokori,32
CES,Yei,Mugwo,Jombu,32
CES,Yei,Mugwo,Longamere,32
CES,Yei,Mugwo,Longamere,32
CES,Yei,Mugwo,Payawa,32
CES,Yei,Mugwo,Yari,32
CES,Yei,Otogo,Goja,32
CES,Yei,Otogo,Goja,32
CES,Yei,Otogo,Goja,32
CES,Yei,Otogo,Logo,32
CES,Yei,Otogo,Mongo,32
CES,Yei,Otogo,Mongo,32
CES,Yei,Otogo,Ombasi,32
CES,Yei,Otogo,Ombasi,32
CES,Yei,Otogo,Wotogo,32
CES,Yei,Otogo,Wotogo,32
CES,Yei,Tore,Adio,32
CES,Yei,Tore,Adio,32
CES,Yei,Tore,Avokaya,32
CES,Yei,Tore,Avokaya,32
CES,Yei,Tore,Baka,32
CES,Yei,Tore,Mundu,32
CES,Yei,Tore,Mundu,32
CES,Yei,Yei Town,Gimunu,32
CES,Yei,Yei Town,Gimunu,32
CES,Yei,Yei Town,Hai Sobe Zone,32
CES,Yei,Yei Town,Jigomoni,32
CES,Yei,Yei Town,Jigomoni,32
CES,Yei,Yei Town,Jonsuk Zone,32
CES,Yei,Yei Town,Minyori,32
CES,Yei,Yei Town,Pakula,32
CES,Yei,Yei Town,Ronyi,32
CES,Yei,Yei Town,Ronyi,32
EES,Ikotos,Hatire,Gilo,33
EES,Ikotos,Hatire,Hatire,33
EES,Ikotos,Hatire,Imilai,33
EES,Ikotos,Ikotos,Huma,33
EES,Ikotos,Ikotos,Ikotos,33
EES,Ikotos,Ikotos,Ikotos,33
EES,Ikotos,Ikotos,Ngutube,33
EES,Ikotos,Ikotos,Tseretenya,33
EES,Ikotos,Imotong,Geria,33
EES,Ikotos,Imotong,Hiniso,33
EES,Ikotos,Imotong,Hiniso,33
EES,Ikotos,Imotong,Ifosi,33
EES,Ikotos,Imotong,Ingoi,33
EES,Ikotos,Imotong,Lomuceny,33
EES,Ikotos,Lomohidang North,Chahari,33
EES,Ikotos,Lomohidang North,Chahari,33
EES,Ikotos,Lomohidang North,Isoke,33
EES,Ikotos,Lomohidang North,Isoke,33
EES,Ikotos,Lomohidang North,Mangala,33
EES,Ikotos,Lomohidang South,Chorokol,33
EES,Ikotos,Lomohidang South,Chorokol,33
EES,Ikotos,Lomohidang South,Lodwara,33
EES,Ikotos,Lomohidang South,Okorohore,33
EES,Ikotos,Lomohidang South,Ramula,33
EES,Ikotos,Losite,Lopus,33
EES,Ikotos,Losite,Lopus,33
EES,Ikotos,Losite,Lotome,33
EES,Ikotos,Losite,Nakoringole,33
EES,Ikotos,Losite,Namarati,33
EES,Ikotos,Losite,Napeyasi,33
EES,Lafon/Lopa,Arihilo,Dorik,33
EES,Lafon/Lopa,Arihilo,Tentet,33
EES,Lafon/Lopa,Arihilo,Tentet,33
EES,Lafon/Lopa,Burgilo,Lafon,33
EES,Lafon/Lopa,Burgilo,Lafon,33
EES,Lafon/Lopa,Burgilo,Taar,33
EES,Lafon/Lopa,Burgilo,Wipuboi,33
EES,Lafon/Lopa,Imehejek,Ihirang,33
EES,Lafon/Lopa,Imehejek,Mura-Lopit,33
EES,Lafon/Lopa,Kurumi,Adeba,33
EES,Lafon/Lopa,Kurumi,Kuji,33
EES,Lafon/Lopa,Kurumi,Ugwil,33
EES,Lafon/Lopa,Kurumi,Ugwil,33
EES,Lafon/Lopa,Lohutok,Iboni,33
EES,Lafon/Lopa,Lohutok,Iboni,33
EES,Lafon/Lopa,Lohutok,Iboni,33
EES,Lafon/Lopa,Lohutok,Iboni,33
EES,Lafon/Lopa,Lohutok,Iboni,33
EES,Lafon/Lopa,Lohutok,Lohutok,33
EES,Lafon/Lopa,Lohutok,Lohutok,33
EES,Lafon/Lopa,Lohutok,Loming,33
EES,Lafon/Lopa,Lohutok,Mura-Lolongo,33
EES,Lafon/Lopa,Longiro,Idali,33
EES,Lafon/Lopa,Longiro,Idali,33
EES,Lafon/Lopa,Longiro,Longiro,33
EES,Lafon/Lopa,Longiro,Ngaboli,33
EES,Lafon/Lopa,Marguna,Amiru,33
EES,Lafon/Lopa,Marguna,Bwodo,33
EES,Lafon/Lopa,Marguna,Ukwanya,33
EES,Lafon/Lopa,Marguna,Ukwanya,33
EES,Lafon/Lopa,Pachidi,Lwalla,33
EES,Lafon/Lopa,Pachidi,Lwalla,33
EES,Lafon/Lopa,Pachidi,Upuo,33
EES,Lafon/Lopa,Pachidi,Upuo,33
EES,Magwi,Lobone,Isore,33
EES,Magwi,Lobone,Lobone I,33
EES,Magwi,Lobone,Lobone II,33
EES,Magwi,Lobone,Lobone III,33
EES,Magwi,Magwi,Agoro,33
EES,Magwi,Magwi,Agoro,33
EES,Magwi,Magwi,Agoro,33
EES,Magwi,Magwi,Lofirha,33
EES,Magwi,Magwi,Magwi,33
EES,Magwi,Magwi,Magwi,33
EES,Magwi,Magwi,Magwi,33
EES,Magwi,Magwi,Obbo,33
EES,Magwi,Magwi,Obbo,33
EES,Magwi,Magwi,Palotaka,33
EES,Magwi,Magwi,Panyikwara,33
EES,Magwi,Magwi,Panyikwara,33
EES,Magwi,Magwi,Panyikwara,33
EES,Magwi,Magwi,Panyikwara,33
EES,Magwi,Mugali,Longu,33
EES,Magwi,Mugali,Longu,33
EES,Magwi,Mugali,Masindi,33
EES,Magwi,Mugali,Masindi,33
EES,Magwi,Mugali,Masindi,33
EES,Magwi,Mugali,Masindi,33
EES,Magwi,Mugali,Mugali,33
EES,Magwi,Nimule,Abila,33
EES,Magwi,Nimule,Anzara,33
EES,Magwi,Nimule,Anzara,33
EES,Magwi,Nimule,Nimule,33
EES,Magwi,Pageri,Kerepi,33
EES,Magwi,Pageri,Kerepi,33
EES,Magwi,Pageri,Loa,33
EES,Magwi,Pageri,Loa,33
EES,Magwi,Pageri,Loa,33
EES,Magwi,Pageri,Loa,33
EES,Magwi,Pageri,Loa,33
EES,Magwi,Pageri,Moli,33
EES,Magwi,Pageri,Moli,33
EES,Magwi,Pageri,Moli,33
EES,Magwi,Pageri,Opari,33
EES,Magwi,Pageri,Owiny-Kibul,33
EES,Magwi,Pageri,Owiny-Kibul,33
EES,Magwi,Pageri,Pageri,33
EES,Magwi,Pageri,Pageri,33
EES,Magwi,Pageri,Pageri,33
EES,Magwi,Pajok,Pajok,33
EES,Magwi,Pajok,Pajok,33
EES,Magwi,Pajok,Pogee,33
EES,Magwi,Pajok,Pogee,33
EES,Magwi,Pajok,Pogee,33
EES,Magwi,Pajok,Pogee,33
EES,Torit,Bur,Autak,33
EES,Torit,Bur,Autak,33
EES,Torit,Bur,Bolore,33
EES,Torit,Bur,Bolore,33
EES,Torit,Bur,Loronyo,33
EES,Torit,Bur,Loudo,33
EES,Torit,Bur,Loudo,33
EES,Torit,Himodonge,Hileu,33
EES,Torit,Himodonge,Hileu,33
EES,Torit,Himodonge,Imilai,33
EES,Torit,Hiyala,Imatari,33
EES,Torit,Hiyala,Imatari,33
EES,Torit,Hiyala,Imatari,33
EES,Torit,Hiyala,Imatari,33
EES,Torit,Hiyala,Mura-Hatika,33
EES,Torit,Hiyala,Mura-Hatika,33
EES,Torit,Hiyala,Mura-Hatika,33
EES,Torit,Hiyala,Nyibira,33
EES,Torit,Hiyala,Nyibira,33
EES,Torit,Hiyala,Tirrangore,33
EES,Torit,Hiyala,Tirrangore,33
EES,Torit,Hiyala,Tuhubak,33
EES,Torit,Ifwotu,Imokoru,33
EES,Torit,Ifwotu,Imokoru,33
EES,Torit,Ifwotu,Motti,33
EES,Torit,Imurok,Central Imurok,33
EES,Torit,Imurok,Central Imurok,33
EES,Torit,Imurok,Chuful,33
EES,Torit,Imurok,Isalore,33
EES,Torit,Kudo,Hutala,33
EES,Torit,Kudo,Lofiriha,33
EES,Torit,Kudo,Loulang,33
EES,Torit,Kudo,Loulang,33
EES,Torit,Kudo,Lowoi North,33
EES,Torit,Kudo,Lowoi North,33
EES,Torit,Torit,Fodo-Fodo,33
EES,Torit,Torit,Nyong,33
EES,Torit,Torit,Nyong,33
EES,Torit,Torit,Nyong,33
EES,Torit,Torit,Nyong,33
EES,Torit,Torit,Nyong,33
EES,Torit,Yire,Chuful,33
EES,Torit,Yire,Hafai,33
EES,Torit,Yire,Motti,33
EES,Torit,Yire,Otose,33
EES,Budi,Kimotong,Tataman,33
EES,Budi,Komori,Kikilai,33
EES,Budi,Komori,Komori,33
EES,Budi,Komori,Komori,33
EES,Budi,Komori,Komori,33
EES,Budi,Komori,Lothigira,33
EES,Budi,Komori,Monita,33
EES,Budi,Loriyok,Kirongu,33
EES,Budi,Loriyok,Kirongu,33
EES,Budi,Loriyok,Ngarich,33
EES,Budi,Lotukei,Lorema,33
EES,Budi,Lotukei,Piobokoi,33
EES,Budi,Loudo,Charit,33
EES,Budi,Loudo,Charit,33
EES,Budi,Loudo,Kerewan,33
EES,Budi,Loudo,Ngatuba,33
EES,Budi,Nagishot,Kadumakuc,33
EES,Budi,Nagishot,Thuguro,33
EES,Budi,Napak,Chawa,33
EES,Budi,Nauro,Kibongorok,33
EES,Budi,Nauro,Kibongorok,33
EES,Budi,Nauro,Kilanya,33
EES,Budi,Nauro,Tulugi,33
EES,Kapoeta East,Jie,Chumameri,33
EES,Kapoeta East,Katodori,Kalokupe,33
EES,Kapoeta East,Katodori,Katodori,33
EES,Kapoeta East,Katodori,Nangatuny,33
EES,Kapoeta East,Kauto,Kuron,33
EES,Kapoeta East,Kauto,Namorpus,33
EES,Kapoeta East,Kauto,Nanyangacor,33
EES,Kapoeta East,Lotimor,Natubot,33
EES,Kapoeta East,Mogos,Lokitela,33
EES,Kapoeta East,Mogos,Moruarengan,33
EES,Kapoeta East,Narus,Kalacha,33
EES,Kapoeta East,Narus,Kaldo,33
EES,Kapoeta East,Narus,Lolim,33
EES,Kapoeta East,Narus,Naliel,33
EES,Kapoeta East,Narus,Narus,33
EES,Kapoeta East,Narus,Narus,33
EES,Kapoeta East,Narus,Narus,33
EES,Kapoeta East,Narus,Narus,33
EES,Kapoeta East,Natinga,Kabehenyang,33
EES,Kapoeta East,Natinga,Kamuto,33
EES,Kapoeta North,Chumakori,Morunyang,33
EES,Kapoeta North,Karukomuge,Kibak,33
EES,Kapoeta North,Karukomuge,Lokodei,33
EES,Kapoeta North,Karukomuge,Lokoges,33
EES,Kapoeta North,Karukomuge,Lokoges,33
EES,Kapoeta North,Karukomuge,Nabeleny-Tobok,33
EES,Kapoeta North,Karukomuge,Nakwaa,33
EES,Kapoeta North,Karukomuge,Nakwaa,33
EES,Kapoeta North,Lomeyen,Nalemusokon,33
EES,Kapoeta North,Mosingo,Lokwamor,33
EES,Kapoeta North,Mosingo,Loregai,33
EES,Kapoeta North,Mosingo,Loregai,33
EES,Kapoeta North,Najie,Nadomeit,33
EES,Kapoeta North,Najie,Nangoletirie,33
EES,Kapoeta North,Paringa,Choroi,33
EES,Kapoeta North,Paringa,Nabekerminit,33
EES,Kapoeta North,Paringa,Nabekerminit,33
EES,Kapoeta North,Paringa,Nyuda,33
EES,Kapoeta South,Kapoeta Town,Hai Tarawa,33
EES,Kapoeta South,Kapoeta Town,Nalingaro,33
EES,Kapoeta South,Longeleya,Kangatuny,33
EES,Kapoeta South,Machi I,Loming,33
EES,Kapoeta South,Machi I,Lourien,33
EES,Kapoeta South,Machi I,Napetet,33
EES,Kapoeta South,Machi I,Napetet,33
EES,Kapoeta South,Machi II,Lokwasinyon,33
EES,Kapoeta South,Machi II,Nakware,33
EES,Kapoeta South,Pwata,Nakicho,33
EES,Kapoeta South,Pwata,Napetait,33
EES,Kapoeta South,Pwata,Napetait,33
EES,Kapoeta South,Pwata,Napong,33